query_id,page_id,coarse_rank,coarse_score,fine_rank,fine_score,page_tokens_before,page_tokens_after
q001,doc006_p008,36,5.43510700,1,1.06989670,49,24
q001,doc004_p019,16,7.05589500,2,1.03028953,49,24
q001,doc006_p002,27,6.29075800,3,1.01802504,49,24
q001,doc004_p005,48,3.10327600,4,0.97081399,49,24
q001,doc003_p028,38,5.02680900,5,0.96956313,49,24
q001,doc005_p006,19,6.97912500,6,0.96540755,49,24
q001,doc006_p013,3,11.74067500,7,0.96380454,49,24
q001,doc004_p003,28,6.21405800,8,0.96223569,49,24
q001,doc009_p003,17,7.03525500,9,0.94548428,49,24
q001,doc003_p004,8,7.48106200,10,0.91910434,49,24
q001,doc006_p016,20,6.96758700,11,0.90652138,49,24
q001,doc004_p009,40,4.88125000,12,0.89540887,49,24
q001,doc005_p003,37,5.37841300,13,0.88296777,49,24
q001,doc006_p010,45,3.99528800,14,0.86993396,49,24
q001,doc003_p021,31,5.85077200,15,0.86285663,49,24
q001,doc004_p018,46,3.89828100,16,0.84091711,49,24
q001,doc005_p002,50,3.02915800,17,0.84058034,49,24
q001,doc004_p010,33,5.60657400,18,0.83176959,49,24
q001,doc010_p002,18,7.00748000,19,0.82680643,49,24
q001,doc004_p015,26,6.32265300,20,0.81589127,49,24
q001,doc005_p004,13,7.16875400,21,0.81487769,49,24
q001,doc007_p001,12,7.18752500,22,0.81254774,49,24
q001,doc004_p016,42,4.56373600,23,0.81167310,49,24
q001,doc006_p005,30,5.97722600,24,0.81090236,49,24
q001,doc006_p026,23,6.63891800,25,0.80141008,49,24
q001,doc006_p004,41,4.68427600,26,0.80089384,49,24
q001,doc003_p003,6,9.23528300,27,0.80018252,49,24
q001,doc007_p002,34,5.60572000,28,0.79237735,49,24
q001,doc006_p006,22,6.74361900,29,0.77199537,49,24
q001,doc006_p009,7,7.66040700,30,0.77192104,49,24
q001,doc006_p003,5,9.28121700,31,0.76343638,49,24
q001,doc001_p004,4,9.66284400,32,0.76038694,49,24
q001,doc003_p001,49,3.09011000,33,0.76033294,49,24
q001,doc006_p007,32,5.75124000,34,0.75923347,49,24
q001,doc005_p001,35,5.44825800,35,0.74445653,49,24
q001,doc006_p019,1,15.05430200,36,0.72071749,49,24
q001,doc004_p014,25,6.51815400,37,0.71634847,49,24
q001,doc010_p001,14,7.13687100,38,0.67450720,49,24
q001,doc006_p027,44,4.01557900,39,0.66211665,49,24
q001,doc006_p011,39,4.91621300,40,0.64631355,49,24
q001,doc006_p012,47,3.40451300,41,0.62107038,49,24
q001,doc005_p009,9,7.45509900,42,0.51936036,49,24
q001,doc006_p014,29,5.98329900,43,0.51455772,49,24
q001,doc004_p013,43,4.51841100,44,0.39915845,49,24
q001,doc001_p002,15,7.07261200,45,0.34494668,49,24
q001,doc006_p015,24,6.58028900,46,0.32992417,49,24
q001,doc001_p001,2,13.69148500,47,0.26604766,49,24
q001,doc001_p005,11,7.20829400,48,0.06587504,49,24
q001,doc002_p001,10,7.24297300,49,0.00491118,49,24
q001,doc001_p003,21,6.87130300,50,0.00268736,49,24
q002,doc005_p006,21,5.52410400,1,0.05762504,49,24
q002,doc004_p014,14,6.51815400,2,0.02752504,49,24
q002,doc004_p005,44,3.10327600,3,0.01027298,49,24
q002,doc006_p013,4,8.99068500,4,-0.02975273,49,24
q002,doc004_p003,16,6.21405800,5,-0.04263462,49,24
q002,doc004_p019,18,6.10186400,6,-0.06229459,49,24
q002,doc004_p010,19,5.60657400,7,-0.07136238,49,24
q002,doc004_p009,27,4.88125000,8,-0.08483208,49,24
q002,doc006_p002,15,6.29075800,9,-0.10158624,49,24
q002,doc005_p002,46,3.02915800,10,-0.10720829,49,24
q002,doc005_p001,22,5.44825800,11,-0.10866143,49,24
q002,doc001_p002,2,11.74635400,12,-0.11717981,49,24
q002,doc009_p003,9,7.03525500,13,-0.13392670,49,24
q002,doc003_p004,50,2.41301300,14,-0.14283535,49,24
q002,doc006_p016,11,6.96758700,15,-0.14564320,49,24
q002,doc006_p003,8,7.42036200,16,-0.15834618,49,24
q002,doc003_p021,40,3.55767900,17,-0.16436058,49,24
q002,doc006_p010,34,3.99528800,18,-0.18286955,49,24
q002,doc004_p016,31,4.56373600,19,-0.19123067,49,24
q002,doc003_p003,12,6.81874500,20,-0.19477808,49,24
q002,doc006_p004,28,4.68427600,21,-0.21464477,49,24
q002,doc004_p018,35,3.89828100,22,-0.21643823,49,24
q002,doc003_p028,24,5.02680900,23,-0.22792749,49,24
q002,doc005_p003,48,2.53551500,24,-0.23947476,49,24
q002,doc003_p001,45,3.09011000,25,-0.24889629,49,24
q002,doc010_p002,10,7.00748000,26,-0.24897420,49,24
q002,doc005_p004,33,4.23015200,27,-0.25263837,49,24
q002,doc007_p001,39,3.57438000,28,-0.25771162,49,24
q002,doc006_p005,36,3.81955400,29,-0.27933228,49,24
q002,doc004_p013,32,4.51841100,30,-0.28319079,49,24
q002,doc004_p020,47,2.67277500,31,-0.28935850,49,24
q002,doc006_p026,30,4.61000500,32,-0.29364049,49,24
q002,doc004_p015,23,5.10432800,33,-0.29506707,49,24
q002,doc006_p009,6,7.66040700,34,-0.29644543,49,24
q002,doc006_p007,43,3.40279900,35,-0.30611691,49,24
q002,doc006_p014,41,3.50548700,36,-0.30955195,49,24
q002,doc007_p002,20,5.60572000,37,-0.32147488,49,24
q002,doc010_p001,38,3.63680400,38,-0.35938263,49,24
q002,doc006_p011,25,4.91621300,39,-0.37344921,49,24
q002,doc006_p006,13,6.74361900,40,-0.38268170,49,24
q002,doc005_p009,7,7.45509900,41,-0.40448886,49,24
q002,doc006_p019,3,10.97743200,42,-0.43248096,49,24
q002,doc001_p004,26,4.89258100,43,-0.46761060,49,24
q002,doc006_p012,42,3.40451300,44,-0.54899204,49,24
q002,doc003_p029,49,2.50112000,45,-0.59201229,49,24
q002,doc001_p003,29,4.64583900,46,-0.66571820,49,24
q002,doc001_p005,5,8.43588400,47,-0.71235657,49,24
q002,doc001_p001,1,13.51309900,48,-0.72763181,49,24
q002,doc002_p001,17,6.19127200,49,-0.74214625,49,24
q002,doc006_p015,37,3.67376100,50,-0.77057636,49,24
q003,doc005_p006,11,7.09094600,1,-0.12977338,49,24
q003,doc004_p010,9,7.24552500,2,-0.22715707,49,24
q003,doc006_p016,19,5.29084000,3,-0.25201651,49,24
q003,doc006_p013,5,8.60126400,4,-0.25322789,49,24
q003,doc003_p021,46,2.38653800,5,-0.26871264,49,24
q003,doc004_p003,27,4.21953800,6,-0.28577176,49,24
q003,doc009_p003,34,3.92354800,7,-0.29334009,49,24
q003,doc004_p016,43,2.79092200,8,-0.29584673,49,24
q003,doc004_p009,21,5.24677700,9,-0.30256292,49,24
q003,doc003_p004,13,5.91425700,10,-0.30469221,49,24
q003,doc006_p021,28,4.13578000,11,-0.31141949,49,24
q003,doc006_p002,26,4.26653400,12,-0.31217968,49,24
q003,doc010_p002,14,5.66062600,13,-0.32880670,49,24
q003,doc004_p015,20,5.26706400,14,-0.32888335,49,24
q003,doc004_p014,24,4.56220100,15,-0.33116364,49,24
q003,doc004_p013,42,2.98164500,16,-0.34148604,49,24
q003,doc003_p003,37,3.63380600,17,-0.34683779,49,24
q003,doc005_p005,33,3.93072700,18,-0.35080069,49,24
q003,doc004_p019,30,4.09648400,19,-0.36917400,49,24
q003,doc004_p018,31,4.06237100,20,-0.37085316,49,24
q003,doc003_p009,48,1.82722800,21,-0.37555686,49,24
q003,doc005_p003,17,5.37165000,22,-0.38183615,49,24
q003,doc006_p004,41,3.03617000,23,-0.38224977,49,24
q003,doc005_p001,6,8.49916200,24,-0.38652718,49,24
q003,doc007_p002,3,9.36951200,25,-0.38669142,49,24
q003,doc003_p001,49,1.73356400,26,-0.38738930,49,24
q003,doc006_p009,7,7.66040700,27,-0.38827181,49,24
q003,doc006_p007,36,3.64966500,28,-0.40274996,49,24
q003,doc001_p002,35,3.88813100,29,-0.40887287,49,24
q003,doc005_p004,10,7.19721400,30,-0.41020969,49,24
q003,doc006_p026,38,3.16058400,31,-0.41258541,49,24
q003,doc005_p002,12,6.18009500,32,-0.41559738,49,24
q003,doc006_p006,18,5.37004500,33,-0.41660225,49,24
q003,doc006_p010,32,3.99528800,34,-0.42792040,49,24
q003,doc006_p005,16,5.41287100,35,-0.43823624,49,24
q003,doc006_p003,25,4.50469000,36,-0.46684095,49,24
q003,doc003_p028,39,3.14572100,37,-0.46705988,49,24
q003,doc006_p011,4,8.79135200,38,-0.48325884,49,24
q003,doc001_p004,15,5.44353600,39,-0.52134645,49,24
q003,doc005_p009,8,7.30062400,40,-0.53176171,49,24
q003,doc006_p014,47,1.84812700,41,-0.54865831,49,24
q003,doc007_p001,29,4.11427200,42,-0.55989534,49,24
q003,doc010_p001,23,4.64255500,43,-0.56137353,49,24
q003,doc006_p019,2,10.99652200,44,-0.66083300,49,24
q003,doc005_p007,40,3.10574000,45,-0.68566740,49,24
q003,doc006_p012,50,1.70225700,46,-0.70515412,49,24
q003,doc006_p015,44,2.59939900,47,-0.82901812,49,24
q003,doc002_p001,1,12.80303800,48,-0.85845017,49,24
q003,doc001_p001,45,2.56357700,49,-0.88833058,49,24
q003,doc001_p003,22,4.82961400,50,-1.12108374,49,24
q004,doc005_p006,9,9.37516900,1,0.68070978,49,24
q004,doc004_p005,43,6.41394400,2,0.67559886,49,24
q004,doc004_p009,39,7.10169400,3,0.64221656,49,24
q004,doc004_p018,40,6.79242900,4,0.63228476,49,24
q004,doc004_p010,5,9.55820400,5,0.61772662,49,24
q004,doc006_p008,20,8.45214500,6,0.60667092,49,24
q004,doc005_p004,4,9.72703000,7,0.54478991,49,24
q004,doc006_p013,7,9.39821500,8,0.53394157,49,24
q004,doc004_p016,45,5.99749200,9,0.53195709,49,24
q004,doc009_p003,23,8.10832200,10,0.52555269,49,24
q004,doc003_p004,11,9.24970700,11,0.52270323,49,24
q004,doc004_p003,19,8.51551100,12,0.50935704,49,24
q004,doc003_p021,32,7.58490500,13,0.49334922,49,24
q004,doc006_p016,18,8.65834300,14,0.48597881,49,24
q004,doc003_p009,48,5.48168500,15,0.48557624,49,24
q004,doc010_p002,21,8.35433400,16,0.47803205,49,24
q004,doc004_p020,50,5.12287500,17,0.47610244,49,24
q004,doc004_p019,13,9.16508000,18,0.46919087,49,24
q004,doc005_p001,36,7.25586200,19,0.46832481,49,24
q004,doc006_p011,47,5.63002400,20,0.46233845,49,24
q004,doc006_p010,34,7.40988500,21,0.45545954,49,24
q004,doc006_p002,22,8.35243500,22,0.43984437,49,24
q004,doc003_p003,28,7.93064800,23,0.43376201,49,24
q004,doc006_p005,15,8.90949000,24,0.43134269,49,24
q004,doc006_p004,46,5.95767300,25,0.42736101,49,24
q004,doc003_p028,16,8.81521000,26,0.41841882,49,24
q004,doc006_p006,24,8.06528800,27,0.40358162,49,24
q004,doc006_p026,10,9.30672600,28,0.39574197,49,24
q004,doc005_p003,38,7.10299500,29,0.38470578,49,24
q004,doc004_p014,17,8.77428200,30,0.37476155,49,24
q004,doc007_p002,41,6.68315200,31,0.36698005,49,24
q004,doc007_p001,12,9.24594900,32,0.34220371,49,24
q004,doc006_p003,3,11.00130000,33,0.34128124,49,24
q004,doc001_p004,1,22.94494800,34,0.33336881,49,24
q004,doc006_p014,6,9.48878600,35,0.32004824,49,24
q004,doc006_p009,31,7.60517000,36,0.31886470,49,24
q004,doc010_p001,8,9.37579000,37,0.31376237,49,24
q004,doc004_p013,42,6.53894600,38,0.31092435,49,24
q004,doc006_p007,49,5.25439000,39,0.30288276,49,24
q004,doc001_p002,30,7.70755900,40,0.30267876,49,24
q004,doc005_p009,14,9.10872000,41,0.30187285,49,24
q004,doc006_p019,2,14.14775100,42,0.25807500,49,24
q004,doc006_p012,37,7.16905900,43,0.23886354,49,24
q004,doc004_p015,25,8.05183400,44,0.23526284,49,24
q004,doc003_p029,44,6.10679000,45,0.21539401,49,24
q004,doc006_p015,26,8.02412800,46,0.05243676,49,24
q004,doc001_p005,27,7.97326000,47,-0.09749964,49,24
q004,doc001_p001,33,7.51335500,48,-0.20685507,49,24
q004,doc002_p001,29,7.85832500,49,-0.21664536,49,24
q004,doc001_p003,35,7.40980100,50,-0.25049430,49,24
q005,doc005_p006,12,6.35498400,1,0.18307035,49,24
q005,doc004_p005,50,3.10327600,2,0.16686083,49,24
q005,doc004_p010,7,7.37560800,3,0.14032722,49,24
q005,doc009_p003,37,4.52580900,4,0.12175375,49,24
q005,doc006_p008,23,5.26215100,5,0.11642015,49,24
q005,doc006_p013,3,8.82913600,6,0.09750396,49,24
q005,doc005_p004,18,5.42532900,7,0.09252832,49,24
q005,doc004_p003,30,5.03900900,8,0.08598021,49,24
q005,doc006_p016,26,5.14913100,9,0.08077250,49,24
q005,doc004_p009,29,5.06527100,10,0.06539229,49,24
q005,doc003_p003,45,3.57220000,11,0.06447579,49,24
q005,doc003_p004,49,3.14450800,12,0.06022035,49,24
q005,doc005_p002,21,5.36191600,13,0.05853346,49,24
q005,doc010_p002,8,7.00748000,14,0.04678662,49,24
q005,doc006_p024,43,3.67578200,15,0.04203574,49,24
q005,doc006_p010,41,3.99528800,16,0.03382424,49,24
q005,doc004_p015,20,5.36289200,17,0.02974052,49,24
q005,doc006_p005,17,5.53840300,18,0.02739374,49,24
q005,doc004_p018,34,4.86874600,19,0.02525235,49,24
q005,doc006_p002,33,4.93458400,20,0.02236799,49,24
q005,doc003_p009,39,4.14152500,21,0.00951512,49,24
q005,doc004_p019,25,5.15334900,22,0.00842904,49,24
q005,doc005_p001,13,6.20318800,23,0.00770969,49,24
q005,doc004_p016,11,6.48717500,24,0.00709423,49,24
q005,doc007_p002,5,8.02633200,25,-0.00032228,49,24
q005,doc006_p004,42,3.80288900,26,-0.00090525,49,24
q005,doc005_p003,38,4.35904900,27,-0.00670554,49,24
q005,doc006_p022,48,3.19420100,28,-0.00774681,49,24
q005,doc006_p003,28,5.11396700,29,-0.01744155,49,24
q005,doc003_p028,31,5.02680900,30,-0.02969192,49,24
q005,doc006_p009,14,6.14343900,31,-0.04032350,49,24
q005,doc006_p026,1,12.23456400,32,-0.05375057,49,24
q005,doc006_p006,22,5.31814000,33,-0.05985079,49,24
q005,doc006_p007,15,5.99741800,34,-0.06047871,49,24
q005,doc006_p011,4,8.73971900,35,-0.06213721,49,24
q005,doc004_p014,24,5.15958300,36,-0.06258745,49,24
q005,doc004_p013,44,3.59106800,37,-0.06479807,49,24
q005,doc010_p001,32,4.94606000,38,-0.09832846,49,24
q005,doc006_p014,46,3.50548700,39,-0.11424555,49,24
q005,doc001_p004,27,5.14807500,40,-0.11957318,49,24
q005,doc001_p002,9,6.86349700,41,-0.11983783,49,24
q005,doc007_p001,36,4.62785100,42,-0.12202013,49,24
q005,doc005_p009,10,6.54416000,43,-0.14261542,49,24
q005,doc006_p012,47,3.40451300,44,-0.19068922,49,24
q005,doc006_p019,2,10.53370100,45,-0.21483563,49,24
q005,doc001_p005,16,5.71221300,46,-0.29716188,49,24
q005,doc003_p029,40,4.09437700,47,-0.30983406,49,24
q005,doc002_p001,19,5.38728100,48,-0.37886375,49,24
q005,doc001_p001,6,7.82208200,49,-0.45493072,49,24
q005,doc001_p003,35,4.64583900,50,-0.58337021,49,24
q006,doc004_p005,27,5.75607400,1,0.43117595,49,24
q006,doc005_p004,35,5.12549800,2,0.37595236,49,24
q006,doc006_p013,6,7.74352900,3,0.36079800,49,24
q006,doc004_p003,5,8.15344600,4,0.35158885,49,24
q006,doc004_p009,19,6.76421200,5,0.32776120,49,24
q006,doc005_p006,24,6.23766100,6,0.31363967,49,24
q006,doc004_p011,2,9.77296300,7,0.29829159,49,24
q006,doc004_p002,47,4.41666800,8,0.29591978,49,24
q006,doc006_p016,16,6.92899800,9,0.29008278,49,24
q006,doc004_p007,30,5.45683700,10,0.28758588,49,24
q006,doc004_p019,11,7.46032800,11,0.27715823,49,24
q006,doc006_p002,22,6.33396200,12,0.26876807,49,24
q006,doc010_p002,14,7.00748000,13,0.22495703,49,24
q006,doc004_p014,8,7.61101100,14,0.22176969,49,24
q006,doc006_p010,25,5.91557400,15,0.22064240,49,24
q006,doc005_p001,36,5.06358000,16,0.21426488,49,24
q006,doc003_p003,32,5.35551800,17,0.21404073,49,24
q006,doc004_p010,9,7.53333700,18,0.20317520,49,24
q006,doc003_p028,15,6.99705800,19,0.19501957,49,24
q006,doc006_p004,33,5.28878500,20,0.17349492,49,24
q006,doc004_p018,21,6.34288400,21,0.16819653,49,24
q006,doc009_p003,7,7.66481400,22,0.14987972,49,24
q006,doc007_p002,29,5.60572000,23,0.14874186,49,24
q006,doc003_p001,18,6.77058900,24,0.14357468,49,24
q006,doc006_p009,20,6.50774900,25,0.13934448,49,24
q006,doc004_p015,31,5.40500900,26,0.13205263,49,24
q006,doc006_p005,39,4.77664400,27,0.09120589,49,24
q006,doc004_p020,26,5.86542700,28,0.08962534,49,24
q006,doc004_p016,28,5.63046900,29,0.08460525,49,24
q006,doc006_p003,17,6.90773100,30,0.07483348,49,24
q006,doc006_p006,12,7.21537200,31,0.06486426,49,24
q006,doc003_p017,45,4.74703100,32,0.04536089,49,24
q006,doc007_p001,38,4.91838600,33,0.03539453,49,24
q006,doc003_p012,49,4.21154500,34,0.02659876,49,24
q006,doc004_p013,23,6.30793400,35,0.02404313,49,24
q006,doc005_p009,13,7.12011600,36,-0.03650274,49,24
q006,doc010_p001,34,5.13483700,37,-0.03683238,49,24
q006,doc003_p013,44,4.74703100,38,-0.04937461,49,24
q006,doc008_p001,10,7.50461300,39,-0.08617633,49,24
q006,doc008_p003,3,9.19338600,40,-0.10090470,49,24
q006,doc004_p012,40,4.75262100,41,-0.12303777,49,24
q006,doc003_p011,43,4.74703100,42,-0.15634608,49,24
q006,doc001_p002,48,4.40668800,43,-0.16870715,49,24
q006,doc006_p019,4,8.26248200,44,-0.17738011,49,24
q006,doc003_p010,42,4.74703100,45,-0.37064466,49,24
q006,doc003_p014,50,4.21154500,46,-0.39268625,49,24
q006,doc001_p001,46,4.57088100,47,-0.50898284,49,24
q006,doc001_p005,37,5.00310400,48,-0.53621852,49,24
q006,doc002_p001,1,11.90010800,49,-0.53678429,49,24
q006,doc001_p003,41,4.74891800,50,-0.60982209,49,24
q007,doc005_p006,22,7.25189700,1,0.36548346,49,24
q007,doc004_p019,15,8.14360000,2,0.35899392,49,24
q007,doc004_p003,19,7.75285800,3,0.32355163,49,24
q007,doc006_p002,14,8.16777000,4,0.31810167,49,24
q007,doc004_p005,49,4.65491500,5,0.31802893,49,24
q007,doc004_p018,40,5.67512100,6,0.30638611,49,24
q007,doc004_p009,29,6.71721400,7,0.28946587,49,24
q007,doc004_p010,21,7.29410600,8,0.28709054,49,24
q007,doc006_p027,31,6.68943100,9,0.27113953,49,24
q007,doc006_p013,6,9.62721400,10,0.26455218,49,24
q007,doc004_p015,33,6.50454400,11,0.26147377,49,24
q007,doc006_p008,5,9.81867700,12,0.24230324,49,24
q007,doc006_p010,41,5.53425900,13,0.23054834,49,24
q007,doc009_p003,17,7.99154700,14,0.21429288,49,24
q007,doc006_p016,8,8.78106700,15,0.19648130,49,24
q007,doc005_p001,28,6.78767400,16,0.18055576,49,24
q007,doc003_p021,47,5.13199400,17,0.16876251,49,24
q007,doc004_p016,39,5.72764700,18,0.16654381,49,24
q007,doc005_p004,18,7.97847600,19,0.15844473,49,24
q007,doc005_p002,50,4.54373600,20,0.15068978,49,24
q007,doc003_p028,26,7.00681000,21,0.14936174,49,24
q007,doc005_p005,42,5.43819400,22,0.13839108,49,24
q007,doc006_p007,23,7.19156600,23,0.12168630,49,24
q007,doc008_p002,44,5.36870300,24,0.11334700,49,24
q007,doc003_p003,34,6.49828400,25,0.10159612,49,24
q007,doc004_p014,16,7.99516500,26,0.09563623,49,24
q007,doc006_p014,48,4.77096900,27,0.07536039,49,24
q007,doc006_p004,35,6.33238200,28,0.07527608,49,24
q007,doc006_p011,32,6.65778400,29,0.07503301,49,24
q007,doc006_p005,4,9.97927800,30,0.07160813,49,24
q007,doc007_p001,45,5.27247800,31,0.06344789,49,24
q007,doc006_p003,13,8.26754700,32,0.05509241,49,24
q007,doc010_p002,9,8.73311000,33,0.03312818,49,24
q007,doc001_p004,24,7.14833900,34,0.01925060,49,24
q007,doc008_p003,36,6.25956800,35,0.00767058,49,24
q007,doc004_p013,38,6.20711800,36,0.00754358,49,24
q007,doc010_p001,46,5.24956500,37,0.00560250,49,24
q007,doc005_p009,10,8.71052700,38,0.00325815,49,24
q007,doc003_p001,43,5.41404300,39,0.00013375,49,24
q007,doc008_p001,30,6.69435800,40,-0.00429929,49,24
q007,doc006_p009,7,9.12213800,41,-0.00696936,49,24
q007,doc006_p006,11,8.49102500,42,-0.01374701,49,24
q007,doc007_p002,20,7.30911800,43,-0.01647153,49,24
q007,doc006_p019,1,17.41773700,44,-0.11272398,49,24
q007,doc001_p001,12,8.46111900,45,-0.34360769,49,24
q007,doc009_p001,37,6.23844700,46,-0.37400153,49,24
q007,doc001_p003,27,6.80167800,47,-0.37651867,49,24
q007,doc002_p001,2,13.48620900,48,-0.38223937,49,24
q007,doc001_p005,25,7.12965800,49,-0.52729571,49,24
q007,doc005_p008,3,13.29842900,50,-0.52878994,49,24
q008,doc005_p002,24,5.15136000,1,0.73617560,49,24
q008,doc005_p006,16,5.74396300,2,0.71264821,49,24
q008,doc005_p004,47,2.90252700,3,0.68744922,49,24
q008,doc004_p010,39,3.70745800,4,0.57481557,49,24
q008,doc009_p003,37,3.92354800,5,0.56676614,49,24
q008,doc003_p007,1,20.22260600,6,0.55796361,49,24
q008,doc004_p009,43,3.12779300,7,0.54279655,49,24
q008,doc006_p010,36,3.99528800,8,0.53963602,49,24
q008,doc003_p022,4,13.61283900,9,0.51286918,49,24
q008,doc004_p003,34,4.21953800,10,0.49984854,49,24
q008,doc006_p002,33,4.26653400,11,0.48221800,49,24
q008,doc004_p019,35,4.09648400,12,0.47590762,49,24
q008,doc003_p004,5,9.30020900,13,0.47026044,49,24
q008,doc006_p016,19,5.29084000,14,0.45535991,49,24
q008,doc010_p002,17,5.66062600,15,0.44315144,49,24
q008,doc004_p016,48,2.79092200,16,0.44273859,49,24
q008,doc006_p013,8,8.60126400,17,0.43718696,49,24
q008,doc010_p001,46,2.98161400,18,0.43095237,49,24
q008,doc003_p008,2,18.08574500,19,0.42821267,49,24
q008,doc007_p002,31,4.52828800,20,0.41453874,49,24
q008,doc004_p014,30,4.56220100,21,0.39690763,49,24
q008,doc004_p015,40,3.70411200,22,0.39625722,49,24
q008,doc003_p003,15,6.92917700,23,0.38767108,49,24
q008,doc003_p012,10,7.94956900,24,0.38250020,49,24
q008,doc003_p028,42,3.14572100,25,0.36481822,49,24
q008,doc003_p020,26,4.75336100,26,0.36286768,49,24
q008,doc007_p001,45,3.00233100,27,0.36166108,49,24
q008,doc005_p001,20,5.25160300,28,0.32270908,49,24
q008,doc004_p020,44,3.01474000,29,0.31422713,49,24
q008,doc006_p011,7,8.79135200,30,0.30535939,49,24
q008,doc006_p003,32,4.50469000,31,0.30218351,49,24
q008,doc006_p006,18,5.37004500,32,0.27030098,49,24
q008,doc003_p013,22,5.22660700,33,0.25217655,49,24
q008,doc006_p020,38,3.82522600,34,0.25142443,49,24
q008,doc006_p004,29,4.69908500,35,0.24709319,49,24
q008,doc003_p016,12,7.94956900,36,0.24379160,49,24
q008,doc003_p017,23,5.22660700,37,0.22349988,49,24
q008,doc003_p019,13,7.94956900,38,0.22309966,49,24
q008,doc003_p011,21,5.22660700,39,0.20539078,49,24
q008,doc006_p009,14,7.66040700,40,0.20468509,49,24
q008,doc004_p013,27,4.73126600,41,0.12470848,49,24
q008,doc006_p019,6,9.29413000,42,0.08885519,49,24
q008,doc005_p009,28,4.72022800,43,0.08689222,49,24
q008,doc003_p018,49,2.64607500,44,0.03740678,49,24
q008,doc003_p015,25,4.75336100,45,-0.01989536,49,24
q008,doc003_p010,9,8.32947300,46,-0.03744811,49,24
q008,doc003_p014,11,7.94956900,47,-0.03991964,49,24
q008,doc003_p029,3,17.10521700,48,-0.10908835,49,24
q008,doc006_p015,50,2.59939900,49,-0.16633241,49,24
q008,doc002_p001,41,3.66474300,50,-0.23901448,49,24
q009,doc005_p002,22,5.15136000,1,0.79509127,49,24
q009,doc005_p006,16,5.74396300,2,0.76595193,49,24
q009,doc005_p004,47,2.90252700,3,0.74241281,49,24
q009,doc006_p010,36,3.99528800,4,0.67417562,49,24
q009,doc004_p010,39,3.70745800,5,0.62925267,49,24
q009,doc003_p007,2,17.98542700,6,0.62880611,49,24
q009,doc009_p003,37,3.92354800,7,0.61919355,49,24
q009,doc004_p019,35,4.09648400,8,0.60358399,49,24
q009,doc004_p003,34,4.21953800,9,0.59874666,49,24
q009,doc003_p004,15,7.08633800,10,0.59189993,49,24
q009,doc004_p009,43,3.12779300,11,0.58989525,49,24
q009,doc003_p022,4,11.00500900,12,0.58967805,49,24
q009,doc006_p002,33,4.26653400,13,0.57638061,49,24
q009,doc006_p013,10,8.60126400,14,0.53737158,49,24
q009,doc004_p016,48,2.79092200,15,0.53311050,49,24
q009,doc006_p016,19,5.29084000,16,0.52636719,49,24
q009,doc010_p002,17,5.66062600,17,0.52181435,49,24
q009,doc007_p002,31,4.52828800,18,0.51603639,49,24
q009,doc003_p008,1,20.46951300,19,0.51174450,49,24
q009,doc010_p001,46,2.98161400,20,0.50527257,49,24
q009,doc007_p001,45,3.00233100,21,0.50204557,49,24
q009,doc003_p003,14,7.13063900,22,0.49086389,49,24
q009,doc003_p012,23,4.75336100,23,0.44920751,49,24
q009,doc004_p014,30,4.56220100,24,0.44265851,49,24
q009,doc005_p001,20,5.25160300,25,0.42297661,49,24
q009,doc004_p020,44,3.01474000,26,0.40821147,49,24
q009,doc003_p028,42,3.14572100,27,0.40031314,49,24
q009,doc003_p020,12,8.29345400,28,0.37937614,49,24
q009,doc006_p006,18,5.37004500,29,0.36470166,49,24
q009,doc006_p003,32,4.50469000,30,0.36202201,49,24
q009,doc006_p004,29,4.69908500,31,0.35721502,49,24
q009,doc006_p011,6,8.79135200,32,0.35561770,49,24
q009,doc003_p013,8,8.66331400,33,0.33526808,49,24
q009,doc006_p020,38,3.82522600,34,0.33501685,49,24
q009,doc003_p017,9,8.66331400,35,0.30601180,49,24
q009,doc004_p015,40,3.70411200,36,0.30101788,49,24
q009,doc003_p016,25,4.75336100,37,0.29632854,49,24
q009,doc006_p009,13,7.66040700,38,0.25545073,49,24
q009,doc003_p011,7,8.66331400,39,0.25425491,49,24
q009,doc006_p019,5,9.29413000,40,0.21332191,49,24
q009,doc003_p019,26,4.75336100,41,0.20257986,49,24
q009,doc003_p018,49,2.64607500,42,0.16550645,49,24
q009,doc005_p009,28,4.72022800,43,0.15306014,49,24
q009,doc004_p013,27,4.73126600,44,0.14938284,49,24
q009,doc003_p015,11,8.29345400,45,0.03163139,49,24
q009,doc003_p014,24,4.75336100,46,-0.03843257,49,24
q009,doc003_p029,3,17.55199000,47,-0.05798298,49,24
q009,doc003_p010,21,5.22660700,48,-0.08682806,49,24
q009,doc006_p015,50,2.59939900,49,-0.11916421,49,24
q009,doc002_p001,41,3.66474300,50,-0.25144413,49,24
q010,doc005_p004,24,6.37749500,1,0.65445149,49,24
q010,doc005_p006,18,7.14786500,2,0.61999393,49,24
q010,doc004_p010,17,7.58141000,3,0.61268765,49,24
q010,doc005_p002,32,5.36191600,4,0.55729687,49,24
q010,doc009_p003,30,5.97481900,5,0.49030840,49,24
q010,doc006_p013,9,10.39885700,6,0.45303738,49,24
q010,doc006_p008,34,5.26215100,7,0.44745553,49,24
q010,doc003_p004,44,4.16363500,8,0.44640273,49,24
q010,doc004_p009,29,6.16588300,9,0.44459203,49,24
q010,doc006_p002,26,6.29075800,10,0.43696442,49,24
q010,doc004_p019,28,6.18721600,11,0.42075956,49,24
q010,doc004_p018,35,5.18076800,12,0.41982418,49,24
q010,doc006_p016,21,6.96758700,13,0.41880369,49,24
q010,doc004_p003,23,6.41177200,14,0.41797584,49,24
q010,doc006_p010,46,3.99528800,15,0.41016948,49,24
q010,doc006_p024,47,3.67578200,16,0.40707695,49,24
q010,doc003_p021,49,3.55767900,17,0.40308949,49,24
q010,doc004_p016,2,14.72899300,18,0.40266833,49,24
q010,doc003_p009,3,13.19011200,19,0.38688058,49,24
q010,doc005_p001,15,7.83346600,20,0.38179204,49,24
q010,doc010_p002,20,7.00748000,21,0.37562120,49,24
q010,doc003_p003,33,5.26409600,22,0.34383169,49,24
q010,doc006_p005,31,5.53840300,23,0.34318525,49,24
q010,doc005_p003,43,4.35904900,24,0.32953697,49,24
q010,doc006_p004,40,4.68427600,25,0.32463270,49,24
q010,doc010_p001,38,4.94606000,26,0.31496522,49,24
q010,doc004_p014,22,6.80281300,27,0.31213272,49,24
q010,doc003_p028,37,5.02680900,28,0.29230118,49,24
q010,doc006_p003,25,6.33287500,29,0.28952879,49,24
q010,doc007_p002,14,8.02633200,30,0.28636426,49,24
q010,doc004_p020,6,11.69692900,31,0.27588379,49,24
q010,doc006_p026,4,12.67405500,32,0.26900417,49,24
q010,doc006_p014,50,3.50548700,33,0.25819156,49,24
q010,doc006_p007,5,11.77228100,34,0.25677341,49,24
q010,doc007_p001,41,4.62785100,35,0.24765700,49,24
q010,doc006_p006,11,9.82467800,36,0.24652676,49,24
q010,doc006_p009,16,7.66040700,37,0.23264703,49,24
q010,doc006_p011,10,10.15773000,38,0.21658579,49,24
q010,doc004_p015,12,9.37148800,39,0.19449101,49,24
q010,doc001_p004,7,11.36885800,40,0.17072764,49,24
q010,doc005_p009,13,8.03741900,41,0.09620183,49,24
q010,doc006_p019,1,18.57466200,42,0.06610956,49,24
q010,doc001_p002,45,4.13717600,43,0.00932097,49,24
q010,doc003_p029,19,7.04785400,44,-0.00969260,49,24
q010,doc004_p013,39,4.75689300,45,-0.12662685,49,24
q010,doc001_p005,27,6.18794000,46,-0.15002733,49,24
q010,doc006_p015,48,3.67376100,47,-0.19454534,49,24
q010,doc001_p001,42,4.45635200,48,-0.19879968,49,24
q010,doc002_p001,8,10.67486300,49,-0.30621836,49,24
q010,doc001_p003,36,5.11766200,50,-0.50759232,49,24
q011,doc005_p006,15,10.99892900,1,0.88045692,49,24
q011,doc006_p002,34,8.35243500,2,0.83733094,49,24
q011,doc009_p003,37,8.10832200,3,0.82892287,49,24
q011,doc005_p004,7,11.87437400,4,0.79646736,49,24
q011,doc004_p003,29,8.51551100,5,0.71975315,49,24
q011,doc006_p016,27,8.65834300,6,0.65326011,49,24
q011,doc004_p009,36,8.16118600,7,0.64497960,49,24
q011,doc004_p010,8,11.32723800,8,0.64115083,49,24
q011,doc004_p019,22,9.16508000,9,0.62704813,49,24
q011,doc003_p004,4,13.67931300,10,0.61585355,49,24
q011,doc004_p018,42,7.76289400,11,0.58023721,49,24
q011,doc006_p013,20,9.39821500,12,0.56277746,49,24
q011,doc006_p005,30,8.47066700,13,0.55611461,49,24
q011,doc003_p020,41,8.05380600,14,0.52355665,49,24
q011,doc005_p002,49,6.87649400,15,0.51362216,49,24
q011,doc003_p006,24,8.83213000,16,0.49812675,49,24
q011,doc003_p003,9,11.28724000,17,0.49526167,49,24
q011,doc006_p003,14,11.00130000,18,0.49498171,49,24
q011,doc003_p009,21,9.17015300,19,0.49017030,49,24
q011,doc005_p001,18,9.64107000,20,0.48487127,49,24
q011,doc010_p002,33,8.35433400,21,0.46011621,49,24
q011,doc004_p014,26,8.77428200,22,0.45548493,49,24
q011,doc006_p010,45,7.40988500,23,0.44529122,49,24
q011,doc003_p028,25,8.81521000,24,0.43734688,49,24
q011,doc006_p006,38,8.06528800,25,0.42158100,49,24
q011,doc003_p012,10,11.25001500,26,0.41206014,49,24
q011,doc007_p002,23,9.10376400,27,0.38258302,49,24
q011,doc003_p022,19,9.62110200,28,0.37722605,49,24
q011,doc003_p001,47,7.14760700,29,0.37063670,49,24
q011,doc010_p001,16,10.51996200,30,0.32768196,49,24
q011,doc005_p009,17,10.39891800,31,0.32521266,49,24
q011,doc007_p001,35,8.20223000,32,0.30628952,49,24
q011,doc004_p015,43,7.61498600,33,0.29073215,49,24
q011,doc003_p017,32,8.45811100,34,0.28362262,49,24
q011,doc006_p009,44,7.60517000,35,0.27656084,49,24
q011,doc003_p019,13,11.25001500,36,0.24381524,49,24
q011,doc003_p013,31,8.45811100,37,0.23659886,49,24
q011,doc003_p016,12,11.25001500,38,0.18339138,49,24
q011,doc006_p012,46,7.16905900,39,0.18251121,49,24
q011,doc006_p014,48,7.01097400,40,0.17389013,49,24
q011,doc003_p011,5,12.56398800,41,0.13147065,49,24
q011,doc001_p004,39,8.05496600,42,0.10865885,49,24
q011,doc006_p019,6,12.34209900,43,0.06780639,49,24
q011,doc003_p015,40,8.05380600,44,0.00983988,49,24
q011,doc003_p029,1,17.42948800,45,-0.00918075,49,24
q011,doc001_p002,50,6.78471900,46,-0.04029864,49,24
q011,doc003_p010,2,15.66685400,47,-0.05292527,49,24
q011,doc003_p014,11,11.25001500,48,-0.06557232,49,24
q011,doc002_p001,3,15.08507200,49,-0.34169686,49,24
q011,doc001_p003,28,8.61489200,50,-0.52890503,49,24
q012,doc005_p006,15,10.99892900,1,0.78768623,49,24
q012,doc006_p002,31,8.35243500,2,0.76911205,49,24
q012,doc005_p004,8,11.87437400,3,0.74729931,49,24
q012,doc009_p003,34,8.10832200,4,0.71635419,49,24
q012,doc004_p003,28,8.51551100,5,0.59671479,49,24
q012,doc006_p016,26,8.65834300,6,0.56999427,49,24
q012,doc004_p019,21,9.16508000,7,0.55503809,49,24
q012,doc004_p010,13,11.32723800,8,0.54878259,49,24
q012,doc004_p009,33,8.16118600,9,0.53667068,49,24
q012,doc003_p004,12,11.46544200,10,0.53088987,49,24
q012,doc004_p018,41,7.76289400,11,0.50727677,49,24
q012,doc006_p013,19,9.39821500,12,0.47532114,49,24
q012,doc003_p020,10,11.59389900,13,0.45491832,49,24
q012,doc006_p005,29,8.47066700,14,0.44546029,49,24
q012,doc003_p006,23,8.83213000,15,0.44014087,49,24
q012,doc005_p002,50,6.87649400,16,0.43699899,49,24
q012,doc003_p003,11,11.48870200,17,0.40369955,49,24
q012,doc006_p003,14,11.00130000,18,0.39555818,49,24
q012,doc003_p009,20,9.17015300,19,0.39547771,49,24
q012,doc005_p001,18,9.64107000,20,0.39114684,49,24
q012,doc006_p010,44,7.40988500,21,0.37822378,49,24
q012,doc010_p002,30,8.35433400,22,0.37345302,49,24
q012,doc004_p014,25,8.77428200,23,0.36117327,49,24
q012,doc003_p012,37,8.05380600,24,0.33795875,49,24
q012,doc006_p006,35,8.06528800,25,0.33050671,49,24
q012,doc007_p002,22,9.10376400,26,0.31087822,49,24
q012,doc003_p028,24,8.81521000,27,0.29861331,49,24
q012,doc003_p022,48,7.01327200,28,0.29194015,49,24
q012,doc003_p001,46,7.14760700,29,0.27762625,49,24
q012,doc003_p017,7,11.89481900,30,0.25744385,49,24
q012,doc003_p008,47,7.04485900,31,0.23948182,49,24
q012,doc007_p001,32,8.20223000,32,0.23446439,49,24
q012,doc005_p009,17,10.39891800,33,0.21534319,49,24
q012,doc010_p001,16,10.51996200,34,0.21279243,49,24
q012,doc003_p013,6,11.89481900,35,0.18561667,49,24
q012,doc004_p015,42,7.61498600,36,0.16315787,49,24
q012,doc006_p009,43,7.60517000,37,0.15872447,49,24
q012,doc003_p019,40,8.05380600,38,0.15325481,49,24
q012,doc003_p016,39,8.05380600,39,0.12310909,49,24
q012,doc006_p014,49,7.01097400,40,0.10893329,49,24
q012,doc003_p011,2,16.00069600,41,0.07946304,49,24
q012,doc006_p012,45,7.16905900,42,0.07847446,49,24
q012,doc001_p004,36,8.05496600,43,0.00783722,49,24
q012,doc006_p019,5,12.34209900,44,-0.01245060,49,24
q012,doc003_p015,9,11.59389900,45,-0.04663603,49,24
q012,doc003_p014,38,8.05380600,46,-0.13368821,49,24
q012,doc003_p029,1,17.87626100,47,-0.13895714,49,24
q012,doc003_p010,4,12.56398800,48,-0.16458964,49,24
q012,doc002_p001,3,15.08507200,49,-0.44465178,49,24
q012,doc001_p003,27,8.61489200,50,-0.59570146,49,24
q013,doc005_p006,35,6.23946800,1,0.51177979,49,24
q013,doc004_p003,31,6.52099100,2,0.44924074,49,24
q013,doc006_p002,33,6.32821100,3,0.41856021,49,24
q013,doc004_p019,21,7.15969900,4,0.41185495,49,24
q013,doc004_p010,15,7.65908800,5,0.40298817,49,24
q013,doc006_p013,5,10.35061100,6,0.39951980,49,24
q013,doc006_p016,24,6.98159600,7,0.39660546,49,24
q013,doc004_p014,27,6.81832800,8,0.39551920,49,24
q013,doc009_p003,37,6.05705100,9,0.38272667,49,24
q013,doc004_p015,48,5.43329300,10,0.37269282,49,24
q013,doc004_p009,50,5.34823800,11,0.36869195,49,24
q013,doc003_p004,11,8.78343300,12,0.35789180,49,24
q013,doc005_p004,47,5.46080300,13,0.35560846,49,24
q013,doc003_p003,9,9.83942600,14,0.27613151,49,24
q013,doc006_p010,19,7.40988500,15,0.26998717,49,24
q013,doc010_p002,12,8.77777300,16,0.26151931,49,24
q013,doc006_p003,20,7.31226100,17,0.25401583,49,24
q013,doc003_p022,13,8.46433300,18,0.24360609,49,24
q013,doc003_p012,2,14.45816600,19,0.23388840,49,24
q013,doc003_p028,25,6.93412200,20,0.23354340,49,24
q013,doc005_p009,22,7.08172700,21,0.23343243,49,24
q013,doc005_p001,44,5.53634900,22,0.23143041,49,24
q013,doc003_p009,45,5.48168500,23,0.22129485,49,24
q013,doc003_p020,29,6.72108700,24,0.20227242,49,24
q013,doc006_p009,18,7.60517000,25,0.19161674,49,24
q013,doc007_p001,43,5.58171000,26,0.18042389,49,24
q013,doc003_p001,39,5.79106200,27,0.16517371,49,24
q013,doc006_p011,10,9.50516400,28,0.15022565,49,24
q013,doc007_p002,23,7.02188800,29,0.14598067,49,24
q013,doc010_p001,41,5.72189200,30,0.13798906,49,24
q013,doc006_p006,30,6.69171400,31,0.13249323,49,24
q013,doc006_p014,49,5.35361400,32,0.12145241,49,24
q013,doc001_p002,32,6.45397800,33,0.09565219,49,24
q013,doc003_p017,17,7.65497500,34,0.09201564,49,24
q013,doc003_p019,8,9.91729600,35,0.04079316,49,24
q013,doc003_p011,16,7.65497500,36,0.03972226,49,24
q013,doc003_p013,3,12.06323300,37,0.03494260,49,24
q013,doc003_p015,28,6.72108700,38,0.02787466,49,24
q013,doc001_p004,38,6.01381700,39,0.01772801,49,24
q013,doc003_p016,7,9.91729600,40,-0.00108872,49,24
q013,doc006_p012,46,5.46680300,41,-0.02987239,49,24
q013,doc006_p019,14,8.26248200,42,-0.06107693,49,24
q013,doc003_p029,1,16.85439600,43,-0.08337111,49,24
q013,doc003_p014,6,9.91729600,44,-0.11351463,49,24
q013,doc001_p005,36,6.15188600,45,-0.15427387,49,24
q013,doc002_p001,26,6.91164300,46,-0.24101838,49,24
q013,doc003_p010,4,10.75784100,47,-0.25639081,49,24
q013,doc001_p001,34,6.31883200,48,-0.33515355,49,24
q013,doc005_p008,40,5.74357700,49,-0.45627770,49,24
q013,doc001_p003,42,5.62418900,50,-0.45757872,49,24
q014,doc005_p006,34,6.23946800,1,0.31332067,49,24
q014,doc004_p003,30,6.52099100,2,0.29011813,49,24
q014,doc006_p002,32,6.32821100,3,0.27186152,49,24
q014,doc004_p019,18,7.15969900,4,0.25582865,49,24
q014,doc006_p016,21,6.98159600,5,0.21350674,49,24
q014,doc006_p013,6,10.35061100,6,0.20711143,49,24
q014,doc004_p014,24,6.81832800,7,0.19644430,49,24
q014,doc003_p004,29,6.56956200,8,0.19330689,49,24
q014,doc004_p010,13,7.65908800,9,0.18537220,49,24
q014,doc009_p003,36,6.05705100,10,0.17244419,49,24
q014,doc005_p004,48,5.46080300,11,0.14939541,49,24
q014,doc006_p010,16,7.40988500,12,0.12026367,49,24
q014,doc003_p012,3,11.26195700,13,0.10552254,49,24
q014,doc004_p015,49,5.43329300,14,0.10467042,49,24
q014,doc003_p003,9,10.04088900,15,0.09760056,49,24
q014,doc010_p002,11,8.77777300,16,0.09621205,49,24
q014,doc003_p022,38,5.85650300,17,0.07285350,49,24
q014,doc005_p001,45,5.53634900,18,0.03827896,49,24
q014,doc007_p001,44,5.58171000,19,0.03126601,49,24
q014,doc006_p003,17,7.31226100,20,0.02383048,49,24
q014,doc003_p009,46,5.48168500,21,0.02352743,49,24
q014,doc003_p020,8,10.26118100,22,0.00858907,49,24
q014,doc006_p009,15,7.60517000,23,0.00000648,49,24
q014,doc003_p028,22,6.93412200,24,-0.00272797,49,24
q014,doc007_p002,20,7.02188800,25,-0.00727160,49,24
q014,doc003_p008,42,5.67875000,26,-0.02166785,49,24
q014,doc003_p001,39,5.79106200,27,-0.02627544,49,24
q014,doc006_p014,50,5.35361400,28,-0.03215005,49,24
q014,doc005_p009,19,7.08172700,29,-0.03377376,49,24
q014,doc006_p006,28,6.69171400,30,-0.03875558,49,24
q014,doc006_p011,10,9.50516400,31,-0.04472017,49,24
q014,doc010_p001,41,5.72189200,32,-0.05259616,49,24
q014,doc003_p017,5,11.09168300,33,-0.05420347,49,24
q014,doc003_p015,7,10.26118100,34,-0.09443913,49,24
q014,doc003_p011,4,11.09168300,35,-0.10438771,49,24
q014,doc001_p002,31,6.45397800,36,-0.13853739,49,24
q014,doc003_p013,2,15.49994100,37,-0.14088833,49,24
q014,doc001_p004,37,6.01381700,38,-0.16771340,49,24
q014,doc003_p016,26,6.72108700,39,-0.16818498,49,24
q014,doc003_p019,27,6.72108700,40,-0.18957682,49,24
q014,doc006_p019,12,8.26248200,41,-0.24965687,49,24
q014,doc006_p012,47,5.46680300,42,-0.25053146,49,24
q014,doc003_p014,25,6.72108700,43,-0.26776946,49,24
q014,doc003_p029,1,17.30116900,44,-0.34685701,49,24
q014,doc001_p005,35,6.15188600,45,-0.44464666,49,24
q014,doc002_p001,23,6.91164300,46,-0.49823666,49,24
q014,doc003_p010,14,7.65497500,47,-0.52765089,49,24
q014,doc001_p001,33,6.31883200,48,-0.57605445,49,24
q014,doc005_p008,40,5.74357700,49,-0.60233462,49,24
q014,doc001_p003,43,5.62418900,50,-0.68994826,49,24
q015,doc005_p006,20,9.54390800,1,0.86822075,49,24
q015,doc005_p004,24,8.93577200,2,0.77283394,49,24
q015,doc006_p002,35,8.35243500,3,0.76042271,49,24
q015,doc004_p003,29,8.51551100,4,0.75465709,49,24
q015,doc009_p003,38,8.10832200,5,0.74615574,49,24
q015,doc006_p016,27,8.65834300,6,0.67263079,49,24
q015,doc004_p010,9,11.32723800,7,0.66355687,49,24
q015,doc004_p009,37,8.16118600,8,0.66287524,49,24
q015,doc003_p004,15,10.53405500,9,0.63722754,49,24
q015,doc004_p019,21,9.16508000,10,0.63039190,49,24
q015,doc004_p018,42,7.76289400,11,0.59885955,49,24
q015,doc006_p013,7,12.14820400,12,0.58971554,49,24
q015,doc005_p002,49,6.87649400,13,0.53898734,49,24
q015,doc005_p001,18,9.64107000,14,0.52191824,49,24
q015,doc006_p005,30,8.47066700,15,0.51429945,49,24
q015,doc003_p020,41,8.05380600,16,0.51379013,49,24
q015,doc003_p003,10,11.28724000,17,0.49528056,49,24
q015,doc006_p010,45,7.40988500,18,0.48140779,49,24
q015,doc003_p006,4,12.36978100,19,0.45333403,49,24
q015,doc006_p011,14,10.87154200,20,0.45143524,49,24
q015,doc010_p002,34,8.35433400,21,0.42614397,49,24
q015,doc004_p014,26,8.77428200,22,0.42338485,49,24
q015,doc003_p028,25,8.81521000,23,0.42182589,49,24
q015,doc003_p022,19,9.62110200,24,0.41858232,49,24
q015,doc003_p012,11,11.25001500,25,0.40833580,49,24
q015,doc006_p003,22,9.14044600,26,0.39175537,49,24
q015,doc007_p002,23,9.10376400,27,0.34917867,49,24
q015,doc006_p006,39,8.06528800,28,0.34844610,49,24
q015,doc003_p001,47,7.14760700,29,0.33919558,49,24
q015,doc007_p001,36,8.20223000,30,0.32133737,49,24
q015,doc010_p001,16,10.51996200,31,0.32012939,49,24
q015,doc003_p013,32,8.45811100,32,0.28649434,49,24
q015,doc003_p019,13,11.25001500,33,0.27256975,49,24
q015,doc003_p017,33,8.45811100,34,0.26318562,49,24
q015,doc006_p009,44,7.60517000,35,0.24865779,49,24
q015,doc006_p014,48,7.01097400,36,0.24623011,49,24
q015,doc004_p015,43,7.61498600,37,0.23210366,49,24
q015,doc005_p009,17,10.39891800,38,0.20384300,49,24
q015,doc003_p016,12,11.25001500,39,0.19768073,49,24
q015,doc006_p012,46,7.16905900,40,0.16669858,49,24
q015,doc003_p011,31,8.45811100,41,0.11350992,49,24
q015,doc001_p004,40,8.05496600,42,0.04850046,49,24
q015,doc006_p019,5,12.34209900,43,0.01171321,49,24
q015,doc003_p015,6,12.28319900,44,-0.00721212,49,24
q015,doc003_p029,1,17.42948800,45,-0.03879936,49,24
q015,doc003_p014,2,15.47940700,46,-0.10338644,49,24
q015,doc003_p010,8,11.56097700,47,-0.13934743,49,24
q015,doc001_p002,50,6.78471900,48,-0.14890958,49,24
q015,doc002_p001,3,15.08507200,49,-0.42931914,49,24
q015,doc001_p003,28,8.61489200,50,-0.69536293,49,24
q016,doc005_p006,18,9.54390800,1,0.80896890,49,24
q016,doc005_p004,22,8.93577200,2,0.76528740,49,24
q016,doc006_p002,31,8.35243500,3,0.72474712,49,24
q016,doc004_p003,27,8.51551100,4,0.67791164,49,24
q016,doc009_p003,35,8.10832200,5,0.65958095,49,24
q016,doc006_p016,25,8.65834300,6,0.63052088,49,24
q016,doc003_p004,32,8.32018400,7,0.62542611,49,24
q016,doc004_p009,34,8.16118600,8,0.60600364,49,24
q016,doc004_p010,13,11.32723800,9,0.60217893,49,24
q016,doc004_p018,41,7.76289400,10,0.59185028,49,24
q016,doc004_p019,19,9.16508000,11,0.58786821,49,24
q016,doc006_p013,7,12.14820400,12,0.55450493,49,24
q016,doc005_p002,50,6.87649400,13,0.50897861,49,24
q016,doc005_p001,17,9.64107000,14,0.49599665,49,24
q016,doc003_p020,11,11.59389900,15,0.48039746,49,24
q016,doc006_p010,44,7.40988500,16,0.46293685,49,24
q016,doc003_p003,12,11.48870200,17,0.44922689,49,24
q016,doc006_p005,28,8.47066700,18,0.44734630,49,24
q016,doc003_p006,4,12.36978100,19,0.44064733,49,24
q016,doc006_p011,14,10.87154200,20,0.42273086,49,24
q016,doc010_p002,30,8.35433400,21,0.41231301,49,24
q016,doc003_p022,48,7.01327200,22,0.39411995,49,24
q016,doc003_p012,38,8.05380600,23,0.36910486,49,24
q016,doc004_p014,24,8.77428200,24,0.34532657,49,24
q016,doc007_p002,21,9.10376400,25,0.34317231,49,24
q016,doc003_p028,23,8.81521000,26,0.33912042,49,24
q016,doc003_p008,47,7.04485900,27,0.33780199,49,24
q016,doc006_p003,20,9.14044600,28,0.33063483,49,24
q016,doc006_p006,36,8.06528800,29,0.32061005,49,24
q016,doc003_p001,46,7.14760700,30,0.31081912,49,24
q016,doc007_p001,33,8.20223000,31,0.29229245,49,24
q016,doc003_p013,9,11.89481900,32,0.26012471,49,24
q016,doc003_p017,10,11.89481900,33,0.25073710,49,24
q016,doc010_p001,15,10.51996200,34,0.24559957,49,24
q016,doc006_p014,49,7.01097400,35,0.24408121,49,24
q016,doc006_p009,43,7.60517000,36,0.20735326,49,24
q016,doc003_p019,40,8.05380600,37,0.20298889,49,24
q016,doc003_p016,39,8.05380600,38,0.16494139,49,24
q016,doc006_p012,45,7.16905900,39,0.10657647,49,24
q016,doc004_p015,42,7.61498600,40,0.10383158,49,24
q016,doc005_p009,16,10.39891800,41,0.09842655,49,24
q016,doc003_p011,8,11.89481900,42,0.08991352,49,24
q016,doc001_p004,37,8.05496600,43,-0.00724243,49,24
q016,doc006_p019,5,12.34209900,44,-0.01072637,49,24
q016,doc003_p015,2,15.82329200,45,-0.03666359,49,24
q016,doc003_p029,1,17.87626100,46,-0.11788875,49,24
q016,doc003_p014,6,12.28319900,47,-0.13281305,49,24
q016,doc003_p010,29,8.45811100,48,-0.24245639,49,24
q016,doc002_p001,3,15.08507200,49,-0.49569568,49,24
q016,doc001_p003,26,8.61489200,50,-0.77151394,49,24
q017,doc005_p006,23,6.70579100,1,0.74798673,49,24
q017,doc004_p010,25,5.97155700,2,0.69858128,49,24
q017,doc005_p004,21,6.83932300,3,0.60391760,49,24
q017,doc004_p003,41,4.70233900,4,0.57802451,49,24
q017,doc009_p003,32,5.46404300,5,0.57708716,49,24
q017,doc004_p009,45,4.50464500,6,0.57563990,49,24
q017,doc004_p019,34,5.23947000,7,0.57416975,49,24
q017,doc004_p018,19,6.92817500,8,0.56467974,49,24
q017,doc006_p002,40,4.78737200,9,0.55342960,49,24
q017,doc003_p020,22,6.72108700,10,0.53605509,49,24
q017,doc006_p013,24,6.49654300,11,0.52498943,49,24
q017,doc006_p011,46,4.26364600,12,0.50489706,49,24
q017,doc003_p006,26,5.90940100,13,0.46394935,49,24
q017,doc003_p004,8,10.53480500,14,0.46006119,49,24
q017,doc004_p015,50,4.03307700,15,0.44438237,49,24
q017,doc006_p016,31,5.69336700,16,0.44256407,49,24
q017,doc003_p012,9,9.91729600,17,0.41617894,49,24
q017,doc010_p002,11,8.77777300,18,0.38946038,49,24
q017,doc006_p003,16,7.34493100,19,0.36942887,49,24
q017,doc005_p001,47,4.19693300,20,0.36674422,49,24
q017,doc004_p014,37,5.12399900,21,0.36072269,49,24
q017,doc003_p022,20,6.90305700,22,0.35331389,49,24
q017,doc001_p002,39,4.88741400,23,0.35071778,49,24
q017,doc005_p009,35,5.23085000,24,0.33539408,49,24
q017,doc006_p010,27,5.87091400,25,0.28583106,49,24
q017,doc010_p001,49,4.04808500,26,0.28308153,49,24
q017,doc003_p019,10,9.91729600,27,0.27747220,49,24
q017,doc003_p028,38,5.09721800,28,0.27608043,49,24
q017,doc003_p017,5,12.06323300,29,0.27579737,49,24
q017,doc003_p003,4,12.31718600,30,0.25995255,49,24
q017,doc003_p001,29,5.79106200,31,0.23407331,49,24
q017,doc006_p004,17,7.26100900,32,0.21865004,49,24
q017,doc006_p006,33,5.31814000,33,0.20339614,49,24
q017,doc007_p002,18,7.02188800,34,0.18556058,49,24
q017,doc006_p009,15,7.60517000,35,0.16283065,49,24
q017,doc003_p013,14,7.65497500,36,0.16184142,49,24
q017,doc003_p016,2,14.45816600,37,0.12755619,49,24
q017,doc003_p011,13,7.65497500,38,0.09225080,49,24
q017,doc004_p013,48,4.10860400,39,0.06984075,49,24
q017,doc003_p015,6,10.95048000,40,0.04907779,49,24
q017,doc001_p004,42,4.69085100,41,0.01378950,49,24
q017,doc003_p029,1,18.64791100,42,-0.12754051,49,24
q017,doc006_p019,12,8.26248200,43,-0.13551718,49,24
q017,doc003_p014,3,14.14668900,44,-0.14307299,49,24
q017,doc003_p010,7,10.75784100,45,-0.15877748,49,24
q017,doc001_p005,36,5.14629500,46,-0.30450743,49,24
q017,doc002_p001,28,5.79838700,47,-0.37925941,49,24
q017,doc001_p003,44,4.63702800,48,-0.51368427,49,24
q017,doc005_p008,30,5.74357700,49,-0.64038175,49,24
q017,doc001_p001,43,4.68801800,50,-0.64654839,49,24
q018,doc005_p006,24,6.70579100,1,0.81663883,49,24
q018,doc004_p010,26,5.97155700,2,0.74433291,49,24
q018,doc004_p018,22,6.92817500,3,0.69991219,49,24
q018,doc004_p019,35,5.23947000,4,0.68024141,49,24
q018,doc004_p003,42,4.70233900,5,0.67701602,49,24
q018,doc004_p009,46,4.50464500,6,0.67359483,49,24
q018,doc009_p003,33,5.46404300,7,0.66305768,49,24
q018,doc006_p002,41,4.78737200,8,0.62059557,49,24
q018,doc003_p004,8,12.92270800,9,0.60778153,49,24
q018,doc005_p004,23,6.83932300,10,0.59094954,49,24
q018,doc006_p013,25,6.49654300,11,0.59049833,49,24
q018,doc003_p020,10,12.68997900,12,0.56114143,49,24
q018,doc006_p016,31,5.69336700,13,0.55772883,49,24
q018,doc006_p011,47,4.26364600,14,0.55021226,49,24
q018,doc005_p001,48,4.19693300,15,0.51886153,49,24
q018,doc010_p002,15,8.77777300,16,0.48798722,49,24
q018,doc003_p012,11,12.34609500,17,0.48663324,49,24
q018,doc003_p022,14,8.88474700,18,0.48047188,49,24
q018,doc006_p010,27,5.87091400,19,0.45640981,49,24
q018,doc006_p003,18,7.34493100,20,0.45210704,49,24
q018,doc003_p007,32,5.63724500,21,0.44085860,49,24
q018,doc004_p014,38,5.12399900,22,0.42401293,49,24
q018,doc003_p003,6,13.33625900,23,0.40554765,49,24
q018,doc003_p028,39,5.09721800,24,0.35354793,49,24
q018,doc005_p009,36,5.23085000,25,0.34107205,49,24
q018,doc006_p004,19,7.26100900,26,0.33743721,49,24
q018,doc003_p001,29,5.79106200,27,0.32497680,49,24
q018,doc006_p006,34,5.31814000,28,0.32112694,49,24
q018,doc003_p008,20,7.06440000,29,0.31402194,49,24
q018,doc007_p002,21,7.02188800,30,0.30863631,49,24
q018,doc010_p001,50,4.04808500,31,0.30441254,49,24
q018,doc003_p017,2,17.85780900,32,0.29310769,49,24
q018,doc006_p009,17,7.60517000,33,0.28406394,49,24
q018,doc003_p013,5,13.44955100,34,0.27449283,49,24
q018,doc001_p002,40,4.88741400,35,0.25927907,49,24
q018,doc003_p019,13,12.34609500,36,0.24311346,49,24
q018,doc003_p011,4,13.44955100,37,0.18137184,49,24
q018,doc003_p016,3,16.88696400,38,0.17610480,49,24
q018,doc004_p013,49,4.10860400,39,0.14191344,49,24
q018,doc001_p004,43,4.69085100,40,0.10336763,49,24
q018,doc003_p015,9,12.68997900,41,0.09706184,49,24
q018,doc006_p019,16,8.26248200,42,0.04726040,49,24
q018,doc003_p010,7,13.11570900,43,-0.05502819,49,24
q018,doc003_p014,12,12.34609500,44,-0.07502542,49,24
q018,doc003_p029,1,22.91883100,45,-0.11296357,49,24
q018,doc001_p005,37,5.14629500,46,-0.26011819,49,24
q018,doc002_p001,28,5.79838700,47,-0.26244447,49,24
q018,doc001_p003,45,4.63702800,48,-0.43538859,49,24
q018,doc001_p001,44,4.68801800,49,-0.55288494,49,24
q018,doc005_p008,30,5.74357700,50,-0.56660092,49,24
q019,doc005_p002,27,6.66593800,1,0.92517471,49,24
q019,doc005_p006,47,4.73122300,2,0.86964166,49,24
q019,doc004_p003,44,5.03900900,3,0.79003853,49,24
q019,doc006_p002,30,6.42572300,4,0.78967494,49,24
q019,doc004_p019,31,6.35467300,5,0.78376055,49,24
q019,doc004_p010,22,7.14088700,6,0.76061022,49,24
q019,doc009_p003,28,6.63221900,7,0.72639656,49,24
q019,doc004_p009,43,5.11459000,8,0.66962749,49,24
q019,doc004_p018,49,3.89828100,9,0.63276768,49,24
q019,doc006_p010,40,5.48376700,10,0.61741793,49,24
q019,doc006_p016,12,8.84723900,11,0.57565075,49,24
q019,doc003_p004,7,12.54174200,12,0.56826419,49,24
q019,doc003_p007,4,13.19295000,13,0.56287837,49,24
q019,doc006_p013,2,15.91038500,14,0.52123898,49,24
q019,doc003_p022,6,12.67014500,15,0.52004915,49,24
q019,doc007_p001,36,5.97721000,16,0.47086692,49,24
q019,doc010_p002,25,7.00748000,17,0.45703685,49,24
q019,doc006_p026,34,6.05304400,18,0.44280642,49,24
q019,doc003_p021,50,3.88162000,19,0.43868372,49,24
q019,doc003_p008,3,14.40199600,20,0.43753114,49,24
q019,doc010_p001,37,5.96457700,21,0.42830941,49,24
q019,doc003_p006,48,4.72352600,22,0.38957116,49,24
q019,doc004_p020,35,6.00793700,23,0.38439679,49,24
q019,doc003_p028,26,6.89323400,24,0.37286872,49,24
q019,doc007_p002,39,5.60572000,25,0.37272882,49,24
q019,doc006_p003,38,5.87762700,26,0.37143955,49,24
q019,doc003_p009,41,5.28720000,27,0.36918226,49,24
q019,doc003_p020,8,12.36507700,28,0.35332865,49,24
q019,doc006_p011,13,8.73971900,29,0.34266347,49,24
q019,doc003_p003,5,12.68866800,30,0.33221525,49,24
q019,doc003_p012,18,8.05380600,31,0.33039948,49,24
q019,doc004_p014,42,5.15958300,32,0.31724474,49,24
q019,doc006_p006,23,7.12355400,33,0.22395404,49,24
q019,doc003_p001,45,4.87314200,34,0.20091090,49,24
q019,doc003_p013,16,8.15244400,35,0.18968618,49,24
q019,doc003_p019,9,12.02119300,36,0.17469504,49,24
q019,doc006_p004,29,6.58210800,37,0.16920920,49,24
q019,doc003_p011,15,8.15244400,38,0.14343797,49,24
q019,doc006_p009,32,6.14343900,39,0.12143598,49,24
q019,doc004_p013,24,7.05255400,40,0.09287032,49,24
q019,doc003_p017,17,8.15244400,41,0.07515718,49,24
q019,doc003_p016,20,8.05380600,42,0.04260821,49,24
q019,doc003_p018,10,11.10428100,43,0.00750913,49,24
q019,doc006_p019,11,11.10252800,44,-0.06052858,49,24
q019,doc005_p009,33,6.11284400,45,-0.09187260,49,24
q019,doc003_p015,14,8.39769100,46,-0.13862522,49,24
q019,doc003_p010,21,7.81860200,47,-0.18033114,49,24
q019,doc003_p014,19,8.05380600,48,-0.32075891,49,24
q019,doc003_p029,1,25.85552400,49,-0.34717733,49,24
q019,doc002_p001,46,4.76111100,50,-0.50852585,49,24
q020,doc005_p006,10,6.12932600,1,0.87007678,49,24
q020,doc004_p010,17,5.47649200,2,0.77132541,49,24
q020,doc009_p003,44,2.47453800,3,0.75574064,49,24
q020,doc005_p004,6,7.03630600,4,0.72738868,49,24
q020,doc003_p020,8,6.39618500,5,0.71852821,49,24
q020,doc006_p002,41,2.91035900,6,0.70615649,49,24
q020,doc004_p003,40,3.04448900,7,0.70465910,49,24
q020,doc004_p009,34,3.31181400,8,0.70389676,49,24
q020,doc004_p018,38,3.09190600,9,0.68700212,49,24
q020,doc005_p002,30,3.84733700,10,0.65791380,49,24
q020,doc004_p019,36,3.14796800,11,0.64635634,49,24
q020,doc006_p005,31,3.69402300,12,0.63028955,49,24
q020,doc006_p016,33,3.47238400,13,0.63024455,49,24
q020,doc006_p013,25,4.28155300,14,0.62487745,49,24
q020,doc003_p004,2,10.89154100,15,0.59166968,49,24
q020,doc003_p006,12,5.73497400,16,0.58639795,49,24
q020,doc010_p002,13,5.66062600,17,0.58548278,49,24
q020,doc003_p009,19,5.28720000,18,0.57556260,49,24
q020,doc003_p012,14,5.62500700,19,0.57439357,49,24
q020,doc005_p001,23,4.48367500,20,0.55972475,49,24
q020,doc003_p007,28,3.93721200,21,0.55813038,49,24
q020,doc003_p022,11,5.74628900,22,0.51351595,49,24
q020,doc006_p003,21,5.14663700,23,0.51336277,49,24
q020,doc005_p003,32,3.54811600,24,0.50738609,49,24
q020,doc010_p001,20,5.20935100,25,0.50665092,49,24
q020,doc003_p028,37,3.14572100,26,0.49698293,49,24
q020,doc006_p010,26,3.99528800,27,0.48390919,49,24
q020,doc003_p003,5,7.56154600,28,0.48216519,49,24
q020,doc003_p019,3,9.59239400,29,0.48012099,49,24
q020,doc007_p001,39,3.06080100,30,0.47137162,49,24
q020,doc006_p006,27,3.94456600,31,0.46866763,49,24
q020,doc004_p014,35,3.20362900,32,0.45767993,49,24
q020,doc003_p017,48,2.35786800,33,0.45760232,49,24
q020,doc004_p015,42,2.79801500,34,0.45127988,49,24
q020,doc003_p008,49,2.34031600,35,0.43696868,49,24
q020,doc006_p009,9,6.14343900,36,0.43547478,49,24
q020,doc003_p016,16,5.62500700,37,0.43325183,49,24
q020,doc005_p009,22,4.51716700,38,0.42084667,49,24
q020,doc007_p002,7,6.94890000,39,0.41306332,49,24
q020,doc006_p004,50,2.15478300,40,0.41087469,49,24
q020,doc003_p013,47,2.35786800,41,0.41002861,49,24
q020,doc001_p002,43,2.72734700,42,0.31670430,49,24
q020,doc003_p011,46,2.35786800,43,0.31234092,49,24
q020,doc006_p019,4,8.72530300,44,0.27035865,49,24
q020,doc003_p015,45,2.42879900,45,0.22590049,49,24
q020,doc003_p010,18,5.46073400,46,0.17488903,49,24
q020,doc003_p029,1,13.40445000,47,0.15928607,49,24
q020,doc003_p014,15,5.62500700,48,0.15089330,49,24
q020,doc003_p018,24,4.42671500,49,0.13152905,49,24
q020,doc002_p001,29,3.86612700,50,-0.09645205,49,24
q021,doc005_p006,10,6.12932600,1,0.71541458,49,24
q021,doc004_p010,17,5.47649200,2,0.64414400,49,24
q021,doc004_p018,38,3.09190600,3,0.62845933,49,24
q021,doc005_p004,6,7.03630600,4,0.62682784,49,24
q021,doc003_p020,2,9.93627900,5,0.61153024,49,24
q021,doc009_p003,44,2.47453800,6,0.60536653,49,24
q021,doc004_p009,33,3.31181400,7,0.58344841,49,24
q021,doc004_p003,40,3.04448900,8,0.57227939,49,24
q021,doc006_p002,41,2.91035900,9,0.56349891,49,24
q021,doc004_p019,35,3.14796800,10,0.56075001,49,24
q021,doc005_p002,29,3.84733700,11,0.52339739,49,24
q021,doc006_p013,25,4.28155300,12,0.51544893,49,24
q021,doc003_p004,4,8.67766900,13,0.50274235,49,24
q021,doc006_p016,32,3.47238400,14,0.49841481,49,24
q021,doc005_p001,23,4.48367500,15,0.47585166,49,24
q021,doc003_p006,15,5.73497400,16,0.47050214,49,24
q021,doc006_p011,50,2.13182300,17,0.45175192,49,24
q021,doc010_p002,16,5.66062600,18,0.45050865,49,24
q021,doc006_p005,30,3.69402300,19,0.44653311,49,24
q021,doc003_p009,18,5.28720000,20,0.43848836,49,24
q021,doc003_p012,45,2.42879900,21,0.42739198,49,24
q021,doc005_p003,31,3.54811600,22,0.41585317,49,24
q021,doc003_p022,37,3.13845900,23,0.40709496,49,24
q021,doc006_p010,26,3.99528800,24,0.36374834,49,24
q021,doc003_p003,5,7.76300800,25,0.35896081,49,24
q021,doc010_p001,19,5.20935100,26,0.35838041,49,24
q021,doc003_p017,14,5.79457600,27,0.35723799,49,24
q021,doc007_p001,39,3.06080100,28,0.35448253,49,24
q021,doc006_p003,20,5.14663700,29,0.34009531,49,24
q021,doc003_p008,21,4.72408400,30,0.33310780,49,24
q021,doc006_p006,27,3.94456600,31,0.33230782,49,24
q021,doc003_p028,36,3.14572100,32,0.32967645,49,24
q021,doc003_p019,8,6.39618500,33,0.32220209,49,24
q021,doc006_p004,49,2.15478300,34,0.31341559,49,24
q021,doc003_p013,13,5.79457600,35,0.30843186,49,24
q021,doc003_p016,47,2.42879900,36,0.30049676,49,24
q021,doc006_p009,9,6.14343900,37,0.29297355,49,24
q021,doc007_p002,7,6.94890000,38,0.28672284,49,24
q021,doc004_p014,34,3.20362900,39,0.28590542,49,24
q021,doc005_p009,22,4.51716700,40,0.24023260,49,24
q021,doc003_p011,12,5.79457600,41,0.20414856,49,24
q021,doc004_p015,42,2.79801500,42,0.18189240,49,24
q021,doc006_p019,3,8.72530300,43,0.13594948,49,24
q021,doc001_p002,43,2.72734700,44,0.13370068,49,24
q021,doc003_p015,11,5.96889200,45,0.10676452,49,24
q021,doc003_p018,24,4.42671500,46,0.03903583,49,24
q021,doc003_p010,48,2.35786800,47,0.03353811,49,24
q021,doc003_p014,46,2.42879900,48,0.02892518,49,24
q021,doc003_p029,1,13.85122300,49,-0.03454195,49,24
q021,doc002_p001,28,3.86612700,50,-0.29890609,49,24
q022,doc005_p004,35,3.10266900,1,0.48137239,49,24
q022,doc005_p006,15,5.46510700,2,0.47015321,49,24
q022,doc004_p005,39,2.56579100,3,0.45767897,49,24
q022,doc004_p010,27,3.70745800,4,0.39492872,49,24
q022,doc004_p019,20,4.22575700,5,0.38634592,49,24
q022,doc004_p003,25,3.94274500,6,0.35381544,49,24
q022,doc004_p009,38,2.80369600,7,0.35018224,49,24
q022,doc003_p026,10,6.23359500,8,0.34334055,49,24
q022,doc009_p003,21,4.11292900,9,0.33918762,49,24
q022,doc003_p021,45,1.93660100,10,0.32173288,49,24
q022,doc006_p016,19,4.31206200,11,0.28158489,49,24
q022,doc006_p013,5,8.41818700,12,0.27750951,49,24
q022,doc003_p004,29,3.53827700,13,0.26461014,49,24
q022,doc004_p018,36,3.04321700,14,0.24480379,49,24
q022,doc003_p024,13,6.12564800,15,0.23383002,49,24
q022,doc003_p025,11,6.16568700,16,0.22699340,49,24
q022,doc003_p022,3,10.72102900,17,0.20786282,49,24
q022,doc005_p001,40,2.09846700,18,0.20754728,49,24
q022,doc010_p002,14,5.66062600,19,0.20573387,49,24
q022,doc005_p003,49,1.72458200,20,0.20548140,49,24
q022,doc003_p006,2,10.88195300,21,0.18352304,49,24
q022,doc006_p002,23,3.96456100,22,0.18223058,49,24
q022,doc006_p010,22,3.99528800,23,0.16619179,49,24
q022,doc004_p020,43,1.95443200,24,0.16173553,49,24
q022,doc006_p011,6,7.37334100,25,0.15859695,49,24
q022,doc010_p001,28,3.54899900,26,0.15198284,49,24
q022,doc007_p001,26,3.73538300,27,0.14634034,49,24
q022,doc003_p028,34,3.14572100,28,0.14226809,49,24
q022,doc006_p026,41,2.03027900,29,0.13447464,49,24
q022,doc006_p014,46,1.84812700,30,0.11536360,49,24
q022,doc006_p005,42,1.97517400,31,0.11110903,49,24
q022,doc003_p003,44,1.94191000,32,0.10575862,49,24
q022,doc006_p004,32,3.22143500,33,0.10168926,49,24
q022,doc006_p003,31,3.28578200,34,0.08618793,49,24
q022,doc003_p001,48,1.73356400,35,0.07492852,49,24
q022,doc006_p006,24,3.94456600,36,0.07373409,49,24
q022,doc003_p009,47,1.82722800,37,0.07069857,49,24
q022,doc004_p015,17,4.55900700,38,0.01709279,49,24
q022,doc006_p009,12,6.14343900,39,0.01225000,49,24
q022,doc007_p002,18,4.52828800,40,0.00360060,49,24
q022,doc004_p014,4,9.73059500,41,-0.03306075,49,24
q022,doc003_p027,8,6.38838700,42,-0.04816917,49,24
q022,doc003_p023,9,6.23359500,43,-0.06880728,49,24
q022,doc003_p029,1,13.30248400,44,-0.10324071,49,24
q022,doc006_p012,50,1.70225700,45,-0.11703308,49,24
q022,doc004_p013,37,2.90555300,46,-0.14513120,49,24
q022,doc005_p009,16,4.61154800,47,-0.15118739,49,24
q022,doc006_p019,7,6.45408400,48,-0.16541794,49,24
q022,doc008_p003,30,3.46920000,49,-0.30055460,49,24
q022,doc002_p001,33,3.18863500,50,-0.56111121,49,24
q023,doc005_p004,35,3.10266900,1,0.40932277,49,24
q023,doc005_p006,15,5.46510700,2,0.39407974,49,24
q023,doc004_p005,39,2.56579100,3,0.36859623,49,24
q023,doc004_p010,27,3.70745800,4,0.33976156,49,24
q023,doc004_p009,38,2.80369600,5,0.29399252,49,24
q023,doc004_p019,20,4.22575700,6,0.27352369,49,24
q023,doc009_p003,21,4.11292900,7,0.26594466,49,24
q023,doc004_p003,25,3.94274500,8,0.25212902,49,24
q023,doc003_p026,10,6.23359500,9,0.24641493,49,24
q023,doc003_p021,45,1.93660100,10,0.24358487,49,24
q023,doc003_p004,29,3.53827700,11,0.20037249,49,24
q023,doc006_p016,19,4.31206200,12,0.17797978,49,24
q023,doc005_p001,40,2.09846700,13,0.17527305,49,24
q023,doc006_p013,5,8.41818700,14,0.17213184,49,24
q023,doc003_p025,11,6.16568700,15,0.13889696,49,24
q023,doc003_p024,13,6.12564800,16,0.12941664,49,24
q023,doc003_p022,3,10.72102900,17,0.12591839,49,24
q023,doc006_p002,23,3.96456100,18,0.12486687,49,24
q023,doc005_p003,49,1.72458200,19,0.12324303,49,24
q023,doc004_p018,36,3.04321700,20,0.11734237,49,24
q023,doc010_p002,14,5.66062600,21,0.11213519,49,24
q023,doc006_p011,6,7.37334100,22,0.11104608,49,24
q023,doc003_p006,2,10.88195300,23,0.09570635,49,24
q023,doc007_p001,26,3.73538300,24,0.08553683,49,24
q023,doc006_p010,22,3.99528800,25,0.07469427,49,24
q023,doc006_p026,41,2.03027900,26,0.07055513,49,24
q023,doc010_p001,28,3.54899900,27,0.06776503,49,24
q023,doc003_p028,34,3.14572100,28,0.06269673,49,24
q023,doc004_p020,43,1.95443200,29,0.06109976,49,24
q023,doc006_p003,31,3.28578200,30,0.05909114,49,24
q023,doc006_p005,42,1.97517400,31,0.03167991,49,24
q023,doc006_p014,46,1.84812700,32,0.02481543,49,24
q023,doc004_p015,17,4.55900700,33,0.00640397,49,24
q023,doc003_p001,48,1.73356400,34,0.00072865,49,24
q023,doc006_p004,32,3.22143500,35,0.00046112,49,24
q023,doc003_p009,47,1.82722800,36,-0.00814684,49,24
q023,doc006_p006,24,3.94456600,37,-0.01070130,49,24
q023,doc003_p003,44,1.94191000,38,-0.01190332,49,24
q023,doc006_p009,12,6.14343900,39,-0.04541504,49,24
q023,doc007_p002,18,4.52828800,40,-0.07167345,49,24
q023,doc004_p014,4,9.73059500,41,-0.09209383,49,24
q023,doc003_p027,8,6.38838700,42,-0.13883647,49,24
q023,doc004_p013,37,2.90555300,43,-0.19418675,49,24
q023,doc003_p029,1,13.30248400,44,-0.19562000,49,24
q023,doc003_p023,9,6.23359500,45,-0.20323168,49,24
q023,doc006_p012,50,1.70225700,46,-0.20368004,49,24
q023,doc005_p009,16,4.61154800,47,-0.23846059,49,24
q023,doc006_p019,7,6.45408400,48,-0.26288703,49,24
q023,doc008_p003,30,3.46920000,49,-0.30153930,49,24
q023,doc002_p001,33,3.18863500,50,-0.63073921,49,24
q024,doc005_p004,15,6.04127200,1,0.69111305,49,24
q024,doc005_p006,8,6.92012800,2,0.57313991,49,24
q024,doc004_p005,50,1.55163800,3,0.55605787,49,24
q024,doc004_p010,28,3.70745800,4,0.50628382,49,24
q024,doc004_p009,36,2.25232300,5,0.47082943,49,24
q024,doc004_p019,26,3.85684700,6,0.46309429,49,24
q024,doc009_p003,20,4.54532400,7,0.42217210,49,24
q024,doc004_p003,34,3.04448900,8,0.41144940,49,24
q024,doc004_p018,19,4.80673400,9,0.36299109,49,24
q024,doc003_p026,12,6.23359500,10,0.35166737,49,24
q024,doc003_p004,7,9.18517400,11,0.35090435,49,24
q024,doc003_p006,4,10.88195300,12,0.34311610,49,24
q024,doc005_p001,38,2.09846700,13,0.29993898,49,24
q024,doc006_p013,16,5.66819700,14,0.28739506,49,24
q024,doc006_p016,22,4.31206200,15,0.28072393,49,24
q024,doc006_p002,29,3.60372500,16,0.27030495,49,24
q024,doc005_p003,46,1.72458200,17,0.26400387,49,24
q024,doc003_p025,2,11.87510600,18,0.24103698,49,24
q024,doc006_p005,41,1.97517400,19,0.21404693,49,24
q024,doc003_p024,3,11.79799100,20,0.21237034,49,24
q024,doc010_p002,17,5.66062600,21,0.20599630,49,24
q024,doc010_p001,31,3.54899900,22,0.20341896,49,24
q024,doc007_p001,27,3.73538300,23,0.20281953,49,24
q024,doc006_p003,18,5.14663700,24,0.20024137,49,24
q024,doc006_p011,37,2.13182300,25,0.17496425,49,24
q024,doc006_p010,24,3.99528800,26,0.17424220,49,24
q024,doc003_p022,5,10.72102900,27,0.16225579,49,24
q024,doc003_p028,33,3.14572100,28,0.14282233,49,24
q024,doc006_p014,43,1.84812700,29,0.12607446,49,24
q024,doc006_p026,40,2.03027900,30,0.12172247,49,24
q024,doc003_p009,44,1.82722800,31,0.08657022,49,24
q024,doc001_p002,49,1.56656400,32,0.07575505,49,24
q024,doc003_p001,45,1.73356400,33,0.06849218,49,24
q024,doc006_p004,13,6.17287700,34,0.04707875,49,24
q024,doc003_p003,42,1.94191000,35,0.04011630,49,24
q024,doc004_p015,30,3.56060200,36,0.00660669,49,24
q024,doc006_p006,25,3.94456600,37,-0.00241931,49,24
q024,doc006_p009,14,6.14343900,38,-0.03845800,49,24
q024,doc007_p002,21,4.52828800,39,-0.06202048,49,24
q024,doc003_p029,1,12.74613100,40,-0.11300775,49,24
q024,doc004_p014,6,9.73059500,41,-0.12238550,49,24
q024,doc003_p027,10,6.38838700,42,-0.13484521,49,24
q024,doc006_p012,47,1.70225700,43,-0.13597052,49,24
q024,doc003_p023,11,6.23359500,44,-0.14127132,49,24
q024,doc005_p009,23,4.04764900,45,-0.16097027,49,24
q024,doc006_p019,9,6.45408400,46,-0.22765981,49,24
q024,doc004_p013,39,2.05430200,47,-0.24096823,49,24
q024,doc008_p003,35,2.96415700,48,-0.37078196,49,24
q024,doc001_p005,48,1.64159400,49,-0.56957805,49,24
q024,doc002_p001,32,3.18863500,50,-0.75981587,49,24
q025,doc005_p004,13,6.04127200,1,0.47602516,49,24
q025,doc005_p006,5,6.92012800,2,0.46817392,49,24
q025,doc004_p005,50,1.55163800,3,0.46023402,49,24
q025,doc004_p010,25,3.70745800,4,0.42522472,49,24
q025,doc009_p003,29,3.42920800,5,0.38954741,49,24
q025,doc004_p009,35,2.25232300,6,0.38026839,49,24
q025,doc004_p019,23,3.85684700,7,0.33792198,49,24
q025,doc003_p026,9,6.23359500,8,0.30619407,49,24
q025,doc003_p004,14,5.77248900,9,0.29879215,49,24
q025,doc004_p003,33,3.04448900,10,0.26937711,49,24
q025,doc006_p013,15,5.66819700,11,0.26032710,49,24
q025,doc005_p001,38,2.09846700,12,0.25678095,49,24
q025,doc006_p002,26,3.60372500,13,0.24737126,49,24
q025,doc004_p018,37,2.12144100,14,0.24418205,49,24
q025,doc003_p006,2,10.88195300,15,0.24269736,49,24
q025,doc006_p016,19,4.31206200,16,0.23254022,49,24
q025,doc006_p011,36,2.13182300,17,0.22293875,49,24
q025,doc003_p025,10,6.16568700,18,0.22287542,49,24
q025,doc005_p003,46,1.72458200,19,0.21813518,49,24
q025,doc003_p024,12,6.12564800,20,0.20940915,49,24
q025,doc010_p002,16,5.66062600,21,0.20510413,49,24
q025,doc006_p003,17,5.14663700,22,0.19794357,49,24
q025,doc006_p005,41,1.97517400,23,0.19438836,49,24
q025,doc001_p002,49,1.56656400,24,0.18912703,49,24
q025,doc003_p022,3,10.72102900,25,0.17338303,49,24
q025,doc007_p001,24,3.73538300,26,0.17311570,49,24
q025,doc006_p026,40,2.03027900,27,0.15882707,49,24
q025,doc010_p001,28,3.54899900,28,0.14406267,49,24
q025,doc003_p009,44,1.82722800,29,0.14234146,49,24
q025,doc003_p028,32,3.14572100,30,0.14100720,49,24
q025,doc003_p001,45,1.73356400,31,0.11692862,49,24
q025,doc006_p010,21,3.99528800,32,0.10663129,49,24
q025,doc006_p014,43,1.84812700,33,0.09004439,49,24
q025,doc006_p006,22,3.94456600,34,0.08013517,49,24
q025,doc006_p004,30,3.22143500,35,0.06167928,49,24
q025,doc003_p003,42,1.94191000,36,0.06080983,49,24
q025,doc004_p015,27,3.56060200,37,0.05625276,49,24
q025,doc006_p009,11,6.14343900,38,0.04304019,49,24
q025,doc007_p002,18,4.52828800,39,0.03362782,49,24
q025,doc004_p014,4,9.73059500,40,-0.01761992,49,24
q025,doc003_p027,7,6.38838700,41,-0.06889477,49,24
q025,doc003_p029,1,12.74613100,42,-0.07181855,49,24
q025,doc006_p012,47,1.70225700,43,-0.08471181,49,24
q025,doc005_p009,20,4.04764900,44,-0.08753121,49,24
q025,doc003_p023,8,6.23359500,45,-0.09102512,49,24
q025,doc004_p013,39,2.05430200,46,-0.13647142,49,24
q025,doc006_p019,6,6.45408400,47,-0.14881091,49,24
q025,doc008_p003,34,2.96415700,48,-0.15741451,49,24
q025,doc001_p005,48,1.64159400,49,-0.37954742,49,24
q025,doc002_p001,31,3.18863500,50,-0.54556596,49,24
q026,doc005_p004,35,3.10266900,1,0.52597064,49,24
q026,doc004_p005,39,2.56579100,2,0.51888341,49,24
q026,doc005_p006,15,5.46510700,3,0.49973893,49,24
q026,doc004_p010,27,3.70745800,4,0.46543279,49,24
q026,doc004_p009,38,2.80369600,5,0.41847074,49,24
q026,doc004_p019,20,4.22575700,6,0.41284660,49,24
q026,doc003_p026,10,6.23359500,7,0.40536124,49,24
q026,doc009_p003,21,4.11292900,8,0.37092113,49,24
q026,doc004_p003,25,3.94274500,9,0.35240337,49,24
q026,doc003_p021,45,1.93660100,10,0.34381938,49,24
q026,doc006_p013,5,8.41818700,11,0.31692377,49,24
q026,doc006_p016,19,4.31206200,12,0.31441230,49,24
q026,doc003_p004,29,3.53827700,13,0.30698174,49,24
q026,doc003_p024,13,6.12564800,14,0.28593799,49,24
q026,doc003_p025,11,6.16568700,15,0.28505760,49,24
q026,doc003_p022,3,10.72102900,16,0.28095287,49,24
q026,doc004_p018,36,3.04321700,17,0.27959606,49,24
q026,doc010_p002,14,5.66062600,18,0.26249337,49,24
q026,doc005_p003,49,1.72458200,19,0.25042534,49,24
q026,doc004_p020,43,1.95443200,20,0.24763630,49,24
q026,doc005_p001,40,2.09846700,21,0.24744992,49,24
q026,doc003_p006,2,10.88195300,22,0.24567056,49,24
q026,doc006_p011,6,7.37334100,23,0.21998215,49,24
q026,doc006_p002,23,3.96456100,24,0.20773500,49,24
q026,doc006_p010,22,3.99528800,25,0.19645172,49,24
q026,doc007_p001,26,3.73538300,26,0.18785772,49,24
q026,doc006_p026,41,2.03027900,27,0.18659332,49,24
q026,doc006_p014,46,1.84812700,28,0.17455494,49,24
q026,doc010_p001,28,3.54899900,29,0.16844474,49,24
q026,doc003_p028,34,3.14572100,30,0.16549160,49,24
q026,doc003_p003,44,1.94191000,31,0.14606690,49,24
q026,doc006_p004,32,3.22143500,32,0.14239304,49,24
q026,doc006_p005,42,1.97517400,33,0.13321546,49,24
q026,doc003_p009,47,1.82722800,34,0.12952620,49,24
q026,doc006_p003,31,3.28578200,35,0.12888330,49,24
q026,doc003_p001,48,1.73356400,36,0.12760830,49,24
q026,doc006_p006,24,3.94456600,37,0.11283658,49,24
q026,doc006_p009,12,6.14343900,38,0.08072599,49,24
q026,doc007_p002,18,4.52828800,39,0.04951463,49,24
q026,doc004_p015,17,4.55900700,40,0.04297853,49,24
q026,doc004_p014,4,9.73059500,41,0.03986629,49,24
q026,doc003_p023,9,6.23359500,42,-0.00157512,49,24
q026,doc003_p027,8,6.38838700,43,-0.03954741,49,24
q026,doc003_p029,1,13.30248400,44,-0.04713383,49,24
q026,doc006_p012,50,1.70225700,45,-0.05860576,49,24
q026,doc006_p019,7,6.45408400,46,-0.10732491,49,24
q026,doc005_p009,16,4.61154800,47,-0.11391203,49,24
q026,doc004_p013,37,2.90555300,48,-0.15704858,49,24
q026,doc008_p003,30,3.46920000,49,-0.23573601,49,24
q026,doc002_p001,33,3.18863500,50,-0.52598548,49,24
q027,doc005_p004,35,3.10266900,1,0.45697641,49,24
q027,doc004_p005,39,2.56579100,2,0.43379903,49,24
q027,doc005_p006,15,5.46510700,3,0.42766589,49,24
q027,doc004_p010,27,3.70745800,4,0.40512693,49,24
q027,doc004_p009,38,2.80369600,5,0.35634497,49,24
q027,doc003_p026,10,6.23359500,6,0.31129745,49,24
q027,doc004_p019,20,4.22575700,7,0.30217004,49,24
q027,doc009_p003,21,4.11292900,8,0.29948479,49,24
q027,doc003_p021,45,1.93660100,9,0.26373741,49,24
q027,doc004_p003,25,3.94274500,10,0.25015649,49,24
q027,doc003_p004,29,3.53827700,11,0.24649686,49,24
q027,doc005_p001,40,2.09846700,12,0.21794115,49,24
q027,doc006_p016,19,4.31206200,13,0.21398421,49,24
q027,doc006_p013,5,8.41818700,14,0.21295512,49,24
q027,doc003_p025,11,6.16568700,15,0.20033182,49,24
q027,doc003_p022,3,10.72102900,16,0.20027062,49,24
q027,doc003_p024,13,6.12564800,17,0.18287666,49,24
q027,doc005_p003,49,1.72458200,18,0.17173761,49,24
q027,doc010_p002,14,5.66062600,19,0.17137104,49,24
q027,doc006_p011,6,7.37334100,20,0.16290595,49,24
q027,doc003_p006,2,10.88195300,21,0.16128635,49,24
q027,doc004_p020,43,1.95443200,22,0.15066472,49,24
q027,doc004_p018,36,3.04321700,23,0.14917672,49,24
q027,doc006_p002,23,3.96456100,24,0.14634100,49,24
q027,doc007_p001,26,3.73538300,25,0.13001224,49,24
q027,doc006_p026,41,2.03027900,26,0.12595782,49,24
q027,doc006_p003,31,3.28578200,27,0.11191845,49,24
q027,doc006_p010,22,3.99528800,28,0.10757399,49,24
q027,doc010_p001,28,3.54899900,29,0.09065647,49,24
q027,doc003_p028,34,3.14572100,30,0.08738479,49,24
q027,doc006_p014,46,1.84812700,31,0.08548505,49,24
q027,doc003_p001,48,1.73356400,32,0.05647481,49,24
q027,doc006_p005,42,1.97517400,33,0.05588477,49,24
q027,doc003_p009,47,1.82722800,34,0.05280717,49,24
q027,doc006_p004,32,3.22143500,35,0.04570145,49,24
q027,doc004_p015,17,4.55900700,36,0.04024264,49,24
q027,doc006_p006,24,3.94456600,37,0.03077755,49,24
q027,doc003_p003,44,1.94191000,38,0.02774630,49,24
q027,doc006_p009,12,6.14343900,39,0.02568020,49,24
q027,doc004_p014,4,9.73059500,40,-0.02197723,49,24
q027,doc007_p002,18,4.52828800,41,-0.02242744,49,24
q027,doc003_p023,9,6.23359500,42,-0.13317896,49,24
q027,doc003_p027,8,6.38838700,43,-0.13403915,49,24
q027,doc006_p012,50,1.70225700,44,-0.14097467,49,24
q027,doc003_p029,1,13.30248400,45,-0.15367806,49,24
q027,doc005_p009,16,4.61154800,46,-0.19909327,49,24
q027,doc004_p013,37,2.90555300,47,-0.20442078,49,24
q027,doc006_p019,7,6.45408400,48,-0.20732529,49,24
q027,doc008_p003,30,3.46920000,49,-0.23543246,49,24
q027,doc002_p001,33,3.18863500,50,-0.59779251,49,24
q028,doc005_p006,1,19.07862200,1,0.50327742,49,24
q028,doc004_p005,7,15.18873500,2,0.47792241,49,24
q028,doc004_p010,4,16.66565500,3,0.44107205,49,24
q028,doc005_p004,12,12.88766500,4,0.43514243,49,24
q028,doc003_p004,40,7.52155800,5,0.42942250,49,24
q028,doc006_p010,30,9.77760800,6,0.41862807,49,24
q028,doc004_p014,13,12.46901700,7,0.39219084,49,24
q028,doc005_p002,50,5.36191600,8,0.39112207,49,24
q028,doc006_p016,9,13.93123100,9,0.38239539,49,24
q028,doc004_p003,3,17.33865500,10,0.35833326,49,24
q028,doc004_p018,10,13.73754800,11,0.33505589,49,24
q028,doc004_p019,20,11.52313600,12,0.33173931,49,24
q028,doc009_p003,23,10.77118600,13,0.32512674,49,24
q028,doc004_p013,36,8.99738200,14,0.32121068,49,24
q028,doc006_p013,6,15.36161200,15,0.31108135,49,24
q028,doc004_p009,24,10.75103500,16,0.29434144,49,24
q028,doc003_p006,34,9.26632400,17,0.28907764,49,24
q028,doc006_p002,25,10.73638400,18,0.28584111,49,24
q028,doc003_p003,21,11.25259800,19,0.28282890,49,24
q028,doc003_p021,43,6.30313500,20,0.26178306,49,24
q028,doc003_p022,28,10.51577300,21,0.23011307,49,24
q028,doc004_p015,5,15.57281600,22,0.22617355,49,24
q028,doc006_p005,31,9.74104900,23,0.22340056,49,24
q028,doc005_p001,17,12.01194300,24,0.21897423,49,24
q028,doc003_p005,45,5.75763600,25,0.20967370,49,24
q028,doc004_p016,38,8.14830000,26,0.20336202,49,24
q028,doc006_p003,22,11.14542800,27,0.17770925,49,24
q028,doc006_p026,35,9.09653500,28,0.17334697,49,24
q028,doc003_p009,32,9.42470800,29,0.16724138,49,24
q028,doc006_p004,26,10.70044300,30,0.15483204,49,24
q028,doc007_p002,37,8.31554100,31,0.14328976,49,24
q028,doc006_p007,42,7.03981500,32,0.13381648,49,24
q028,doc001_p004,15,12.21785300,33,0.12275061,49,24
q028,doc006_p011,46,5.68165800,34,0.11612712,49,24
q028,doc005_p003,39,8.08839300,35,0.11368414,49,24
q028,doc004_p020,48,5.52081600,36,0.09156558,49,24
q028,doc003_p028,27,10.64565600,37,0.06134373,49,24
q028,doc010_p001,8,14.27885000,38,0.05428806,49,24
q028,doc007_p001,16,12.02410800,39,0.04787017,49,24
q028,doc005_p009,11,12.96364000,40,0.02036809,49,24
q028,doc001_p002,19,11.75313500,41,0.02026663,49,24
q028,doc006_p006,14,12.37341000,42,0.01755447,49,24
q028,doc006_p019,18,11.78659100,43,-0.07016534,49,24
q028,doc006_p012,49,5.47383300,44,-0.16192466,49,24
q028,doc006_p015,44,5.78467400,45,-0.27953517,49,24
q028,doc003_p029,47,5.55859300,46,-0.30699059,49,24
q028,doc001_p001,33,9.34189100,47,-0.38673395,49,24
q028,doc002_p001,2,18.91407500,48,-0.40581858,49,24
q028,doc001_p005,41,7.19179400,49,-0.54762590,49,24
q028,doc001_p003,29,10.07922100,50,-0.61795747,49,24
q029,doc005_p006,4,15.78211400,1,0.85932404,49,24
q029,doc005_p004,31,11.67937600,2,0.76634747,49,24
q029,doc004_p005,21,12.82763500,3,0.72830671,49,24
q029,doc004_p019,9,14.91229200,4,0.71162593,49,24
q029,doc004_p010,28,12.12699600,5,0.66705227,49,24
q029,doc004_p003,20,13.23935200,6,0.65286994,49,24
q029,doc006_p002,17,14.41784700,7,0.64753056,49,24
q029,doc006_p016,19,14.04268800,8,0.59475082,49,24
q029,doc006_p010,40,9.77760800,9,0.58633864,49,24
q029,doc006_p013,5,15.65881500,10,0.57492483,49,24
q029,doc009_p003,18,14.32962900,11,0.57287431,49,24
q029,doc004_p018,29,12.07144900,12,0.55950570,49,24
q029,doc004_p015,14,14.52681700,13,0.54329211,49,24
q029,doc003_p004,34,10.74747000,14,0.53379256,49,24
q029,doc003_p012,22,12.75281300,15,0.52957588,49,24
q029,doc003_p003,6,15.59383400,16,0.52416217,49,24
q029,doc001_p002,32,11.59768900,17,0.49906090,49,24
q029,doc004_p009,44,9.14787400,18,0.48958173,49,24
q029,doc004_p014,8,14.99220500,19,0.46981752,49,24
q029,doc006_p003,30,11.95832100,20,0.46312609,49,24
q029,doc003_p022,2,18.93152000,21,0.41886538,49,24
q029,doc003_p007,33,11.57779500,22,0.40773517,49,24
q029,doc005_p001,43,9.33587300,23,0.38577616,49,24
q029,doc003_p017,37,10.40768300,24,0.32382911,49,24
q029,doc007_p002,45,8.79846200,25,0.32187104,49,24
q029,doc003_p006,49,7.45817700,26,0.32119608,49,24
q029,doc003_p020,42,9.55660400,27,0.27844176,49,24
q029,doc004_p013,39,9.82533300,28,0.25079286,49,24
q029,doc007_p001,12,14.73042100,29,0.24047652,49,24
q029,doc003_p028,10,14.83414500,30,0.22972983,49,24
q029,doc003_p008,35,10.52523000,31,0.21334979,49,24
q029,doc003_p009,7,15.01978100,32,0.21167795,49,24
q029,doc010_p001,13,14.65915000,33,0.20442322,49,24
q029,doc003_p019,25,12.75281300,34,0.20012507,49,24
q029,doc003_p013,36,10.40768300,35,0.18373440,49,24
q029,doc006_p004,27,12.28612700,36,0.17061512,49,24
q029,doc003_p016,24,12.75281300,37,0.15750355,49,24
q029,doc006_p006,26,12.46684400,38,0.14873612,49,24
q029,doc003_p011,15,14.51356000,39,0.13168916,49,24
q029,doc005_p009,11,14.83162900,40,0.08974562,49,24
q029,doc001_p004,47,7.83992100,41,-0.01530523,49,24
q029,doc003_p015,41,9.55660400,42,-0.05697355,49,24
q029,doc006_p012,48,7.53612300,43,-0.11335550,49,24
q029,doc003_p014,23,12.75281300,44,-0.18010333,49,24
q029,doc003_p018,46,7.99909000,45,-0.19957246,49,24
q029,doc003_p010,3,17.61642600,46,-0.24339798,49,24
q029,doc003_p029,1,21.29789500,47,-0.43767330,49,24
q029,doc006_p015,50,7.44491300,48,-0.45888975,49,24
q029,doc002_p001,16,14.46568600,49,-0.48777282,49,24
q029,doc001_p001,38,9.98190500,50,-0.58262783,49,24
q030,doc005_p004,19,8.93577200,1,0.65187114,49,24
q030,doc005_p006,12,9.54390800,2,0.58711588,49,24
q030,doc006_p002,27,8.35243500,3,0.52227026,49,24
q030,doc004_p005,44,6.41394400,4,0.49802706,49,24
q030,doc005_p002,7,10.51327500,5,0.49624279,49,24
q030,doc004_p019,17,9.16508000,6,0.44390035,49,24
q030,doc009_p003,31,8.10832200,7,0.44323280,49,24
q030,doc004_p010,5,11.32723800,8,0.43369552,49,24
q030,doc004_p003,25,8.51551100,9,0.40279150,49,24
q030,doc004_p018,34,7.76289400,10,0.35460278,49,24
q030,doc004_p015,36,7.61498600,11,0.34579819,49,24
q030,doc006_p016,23,8.65834300,12,0.34497923,49,24
q030,doc004_p009,30,8.16118600,13,0.30549127,49,24
q030,doc003_p003,3,11.48870200,14,0.30496791,49,24
q030,doc003_p004,28,8.32018400,15,0.29949734,49,24
q030,doc004_p014,22,8.77428200,16,0.29329810,49,24
q030,doc004_p016,47,5.99749200,17,0.28790969,49,24
q030,doc003_p007,38,7.28774000,18,0.28413829,49,24
q030,doc003_p020,49,5.96889200,19,0.28317857,49,24
q030,doc006_p010,37,7.40988500,20,0.27811381,49,24
q030,doc006_p003,18,9.14044600,21,0.23580289,49,24
q030,doc006_p013,13,9.39821500,22,0.22486761,49,24
q030,doc003_p022,14,9.27822200,23,0.18134645,49,24
q030,doc003_p006,20,8.83213000,24,0.17840573,49,24
q030,doc004_p013,29,8.28856700,25,0.17562935,49,24
q030,doc005_p001,11,9.64107000,26,0.16126227,49,24
q030,doc005_p003,46,6.08363100,27,0.15681441,49,24
q030,doc003_p009,16,9.17015300,28,0.12888438,49,24
q030,doc003_p013,50,5.79457600,29,0.11849747,49,24
q030,doc003_p011,10,9.90045300,30,0.10317465,49,24
q030,doc006_p004,35,7.62058800,31,0.10238938,49,24
q030,doc003_p008,9,10.16843000,32,0.09892060,49,24
q030,doc003_p028,21,8.81521000,33,0.08246910,49,24
q030,doc006_p005,26,8.47066700,34,0.07723270,49,24
q030,doc010_p001,4,11.47753400,35,0.06880921,49,24
q030,doc004_p020,40,7.11843200,36,0.05878827,49,24
q030,doc007_p001,15,9.19723100,37,0.05340386,49,24
q030,doc005_p009,8,10.39891800,38,0.05010768,49,24
q030,doc006_p006,32,8.06528800,39,0.04976310,49,24
q030,doc006_p014,41,7.01097400,40,0.03240759,49,24
q030,doc001_p002,42,6.78471900,41,0.00007338,49,24
q030,doc003_p015,48,5.96889200,42,-0.00345512,49,24
q030,doc001_p004,33,8.05496600,43,-0.13700044,49,24
q030,doc006_p012,39,7.16905900,44,-0.16213372,49,24
q030,doc003_p010,43,6.46374500,45,-0.20697126,49,24
q030,doc006_p019,6,10.53646000,46,-0.20944276,49,24
q030,doc002_p001,2,16.51667800,47,-0.30347785,49,24
q030,doc003_p029,1,20.33710400,48,-0.41643381,49,24
q030,doc001_p001,45,6.10127200,49,-0.58126396,49,24
q030,doc001_p003,24,8.61489200,50,-0.68823868,49,24
