query_id,page_id,coarse_rank,coarse_score,fine_rank,fine_score,bm25_score_raw,mv_score_raw,bm25_score_norm,mv_score_norm,query_bm25_min,query_bm25_max,query_mv_min,query_mv_max
q001,doc004_p019,16,7.05589500,1,1.23282230,7.05589500,1.23282230,0.01092013,0.99999999,6.96758700,15.05430200,0.33672112,1.23282230
q001,doc006_p013,3,11.74067500,2,1.03309250,11.74067500,1.03309250,0.59023819,0.77711244,6.96758700,15.05430200,0.33672112,1.23282230
q001,doc003_p004,8,7.48106200,3,1.01229644,7.48106200,1.01229644,0.06349612,0.75390517,6.96758700,15.05430200,0.33672112,1.23282230
q001,doc001_p002,15,7.07261200,4,0.99378622,7.07261200,0.99378622,0.01298735,0.73324878,6.96758700,15.05430200,0.33672112,1.23282230
q001,doc009_p003,17,7.03525500,5,0.98625076,7.03525500,0.98625076,0.00836780,0.72483961,6.96758700,15.05430200,0.33672112,1.23282230
q001,doc006_p016,20,6.96758700,6,0.98228097,6.96758700,0.98228097,0.00000000,0.72040954,6.96758700,15.05430200,0.33672112,1.23282230
q001,doc006_p019,1,15.05430200,7,0.97452557,15.05430200,0.97452557,1.00000000,0.71175494,6.96758700,15.05430200,0.33672112,1.23282230
q001,doc005_p009,9,7.45509900,8,0.97065830,7.45509900,0.97065830,0.06028554,0.70743928,6.96758700,15.05430200,0.33672112,1.23282230
q001,doc005_p006,19,6.97912500,9,0.96540755,6.97912500,0.96540755,0.00142678,0.70157973,6.96758700,15.05430200,0.33672112,1.23282230
q001,doc003_p003,6,9.23528300,10,0.91428292,9.23528300,0.91428292,0.28042240,0.64452743,6.96758700,15.05430200,0.33672112,1.23282230
q001,doc006_p009,7,7.66040700,11,0.90707636,7.66040700,0.90707636,0.08567385,0.63648531,6.96758700,15.05430200,0.33672112,1.23282230
q001,doc010_p002,18,7.00748000,12,0.86175323,7.00748000,0.86175323,0.00493315,0.58590717,6.96758700,15.05430200,0.33672112,1.23282230
q001,doc005_p004,13,7.16875400,13,0.85756505,7.16875400,0.85756505,0.02487623,0.58123339,6.96758700,15.05430200,0.33672112,1.23282230
q001,doc007_p001,12,7.18752500,14,0.82978302,7.18752500,0.82978302,0.02719745,0.55023016,6.96758700,15.05430200,0.33672112,1.23282230
q001,doc006_p003,5,9.28121700,15,0.81212556,9.28121700,0.81212556,0.28610258,0.53052540,6.96758700,15.05430200,0.33672112,1.23282230
q001,doc001_p004,4,9.66284400,16,0.77127963,9.66284400,0.77127963,0.33329442,0.48494357,6.96758700,15.05430200,0.33672112,1.23282230
q001,doc001_p005,11,7.20829400,17,0.74928939,7.20829400,0.74928939,0.02976573,0.46040366,6.96758700,15.05430200,0.33672112,1.23282230
q001,doc010_p001,14,7.13687100,18,0.68781722,7.13687100,0.68781722,0.02093359,0.39180408,6.96758700,15.05430200,0.33672112,1.23282230
q001,doc002_p001,10,7.24297300,19,0.57416475,7.24297300,0.57416475,0.03405412,0.26497413,6.96758700,15.05430200,0.33672112,1.23282230
q001,doc001_p001,2,13.69148500,20,0.33672112,13.69148500,0.33672112,0.83147458,0.00000000,6.96758700,15.05430200,0.33672112,1.23282230
q002,doc001_p002,2,11.74635400,1,0.50915086,11.74635400,0.50915086,0.77657009,0.99999999,5.60572000,13.51309900,-0.58200812,0.50915086
q002,doc006_p013,4,8.99068500,2,0.20099561,8.99068500,0.20099561,0.42807674,0.71758904,5.60572000,13.51309900,-0.58200812,0.50915086
q002,doc006_p019,3,10.97743200,3,0.15394033,10.97743200,0.15394033,0.67932902,0.67446491,5.60572000,13.51309900,-0.58200812,0.50915086
q002,doc004_p014,14,6.51815400,4,0.13866320,6.51815400,0.13866320,0.11539019,0.66046408,5.60572000,13.51309900,-0.58200812,0.50915086
q002,doc004_p019,18,6.10186400,5,0.02226370,6.10186400,0.02226370,0.06274443,0.55378898,5.60572000,13.51309900,-0.58200812,0.50915086
q002,doc004_p010,19,5.60657400,6,0.01818884,5.60657400,0.01818884,0.00010800,0.55005454,5.60572000,13.51309900,-0.58200812,0.50915086
q002,doc004_p003,16,6.21405800,7,0.01752375,6.21405800,0.01752375,0.07693295,0.54944502,5.60572000,13.51309900,-0.58200812,0.50915086
q002,doc006_p002,15,6.29075800,8,-0.06311381,6.29075800,-0.06311381,0.08663275,0.47554418,5.60572000,13.51309900,-0.58200812,0.50915086
q002,doc006_p016,11,6.96758700,9,-0.10299900,6.96758700,-0.10299900,0.17222736,0.43899113,5.60572000,13.51309900,-0.58200812,0.50915086
q002,doc009_p003,9,7.03525500,10,-0.10809001,7.03525500,-0.10809001,0.18078493,0.43432544,5.60572000,13.51309900,-0.58200812,0.50915086
q002,doc003_p003,12,6.81874500,11,-0.11045206,6.81874500,-0.11045206,0.15340418,0.43216072,5.60572000,13.51309900,-0.58200812,0.50915086
q002,doc006_p009,6,7.66040700,12,-0.11119193,7.66040700,-0.11119193,0.25984425,0.43148267,5.60572000,13.51309900,-0.58200812,0.50915086
q002,doc006_p003,8,7.42036200,13,-0.13996091,7.42036200,-0.13996091,0.22948717,0.40511714,5.60572000,13.51309900,-0.58200812,0.50915086
q002,doc005_p009,7,7.45509900,14,-0.16305214,7.45509900,-0.16305214,0.23388015,0.38395503,5.60572000,13.51309900,-0.58200812,0.50915086
q002,doc010_p002,10,7.00748000,15,-0.21370851,7.00748000,-0.21370851,0.17727239,0.33753066,5.60572000,13.51309900,-0.58200812,0.50915086
q002,doc006_p006,13,6.74361900,16,-0.24669106,6.74361900,-0.24669106,0.14390343,0.30730358,5.60572000,13.51309900,-0.58200812,0.50915086
q002,doc007_p002,20,5.60572000,17,-0.27982736,5.60572000,-0.27982736,0.00000000,0.27693559,5.60572000,13.51309900,-0.58200812,0.50915086
q002,doc001_p005,5,8.43588400,18,-0.30079967,8.43588400,-0.30079967,0.35791430,0.25771538,5.60572000,13.51309900,-0.58200812,0.50915086
q002,doc002_p001,17,6.19127200,19,-0.34836042,6.19127200,-0.34836042,0.07405134,0.21412801,5.60572000,13.51309900,-0.58200812,0.50915086
q002,doc001_p001,1,13.51309900,20,-0.58200812,13.51309900,-0.58200812,1.00000000,0.00000000,5.60572000,13.51309900,-0.58200812,0.50915086
q003,doc005_p006,11,7.09094600,1,-0.12977339,7.09094600,-0.12977339,0.24202339,0.99999998,5.26706400,12.80303800,-0.77251554,-0.12977339
q003,doc004_p010,9,7.24552500,2,-0.13141218,7.24552500,-0.13141218,0.26253554,0.99745030,5.26706400,12.80303800,-0.77251554,-0.12977339
q003,doc006_p013,5,8.60126400,3,-0.17107475,8.60126400,-0.17107475,0.44243783,0.93574193,5.26706400,12.80303800,-0.77251554,-0.12977339
q003,doc004_p015,20,5.26706400,4,-0.21938136,5.26706400,-0.21938136,0.00000000,0.86058487,5.26706400,12.80303800,-0.77251554,-0.12977339
q003,doc006_p009,7,7.66040700,5,-0.22645813,7.66040700,-0.22645813,0.31758907,0.84957459,5.26706400,12.80303800,-0.77251554,-0.12977339
q003,doc006_p016,19,5.29084000,6,-0.23922959,5.29084000,-0.23922959,0.00315500,0.82970432,5.26706400,12.80303800,-0.77251554,-0.12977339
q003,doc003_p004,13,5.91425700,7,-0.26708820,5.91425700,-0.26708820,0.08588047,0.78636096,5.26706400,12.80303800,-0.77251554,-0.12977339
q003,doc006_p019,2,10.99652200,8,-0.27072459,10.99652200,-0.27072459,0.76028102,0.78070334,5.26706400,12.80303800,-0.77251554,-0.12977339
q003,doc005_p003,17,5.37165000,9,-0.28768730,5.37165000,-0.28768730,0.01387823,0.75431218,5.26706400,12.80303800,-0.77251554,-0.12977339
q003,doc010_p002,14,5.66062600,10,-0.30982089,5.66062600,-0.30982089,0.05222444,0.71987599,5.26706400,12.80303800,-0.77251554,-0.12977339
q003,doc005_p009,8,7.30062400,11,-0.31239980,7.30062400,-0.31239980,0.26984700,0.71586364,5.26706400,12.80303800,-0.77251554,-0.12977339
q003,doc006_p006,18,5.37004500,12,-0.32959658,5.37004500,-0.32959658,0.01366525,0.68910830,5.26706400,12.80303800,-0.77251554,-0.12977339
q003,doc005_p004,10,7.19721400,13,-0.33205265,7.19721400,-0.33205265,0.25612482,0.68528707,5.26706400,12.80303800,-0.77251554,-0.12977339
q003,doc007_p002,3,9.36951200,14,-0.35004523,9.36951200,-0.35004523,0.54438192,0.65729360,5.26706400,12.80303800,-0.77251554,-0.12977339
q003,doc005_p001,6,8.49916200,15,-0.36825460,8.49916200,-0.36825460,0.42888922,0.62896285,5.26706400,12.80303800,-0.77251554,-0.12977339
q003,doc006_p005,16,5.41287100,16,-0.37495473,5.41287100,-0.37495473,0.01934813,0.61853856,5.26706400,12.80303800,-0.77251554,-0.12977339
q003,doc006_p011,4,8.79135200,17,-0.41315076,8.79135200,-0.41315076,0.46766191,0.55911188,5.26706400,12.80303800,-0.77251554,-0.12977339
q003,doc005_p002,12,6.18009500,18,-0.41343707,6.18009500,-0.41343707,0.12115634,0.55866643,5.26706400,12.80303800,-0.77251554,-0.12977339
q003,doc001_p004,15,5.44353600,19,-0.49017495,5.44353600,-0.49017495,0.02341728,0.43927504,5.26706400,12.80303800,-0.77251554,-0.12977339
q003,doc002_p001,1,12.80303800,20,-0.77251554,12.80303800,-0.77251554,1.00000000,0.00000000,5.26706400,12.80303800,-0.77251554,-0.12977339
q004,doc005_p006,9,9.37516900,1,0.68070972,9.37516900,0.68070972,0.06368844,0.99999997,8.45214500,22.94494800,0.33336881,0.68070972
q004,doc004_p003,19,8.51551100,2,0.65677822,8.51551100,0.65677822,0.00437224,0.93110080,8.45214500,22.94494800,0.33336881,0.68070972
q004,doc004_p010,5,9.55820400,3,0.65170664,9.55820400,0.65170664,0.07631781,0.91649965,8.45214500,22.94494800,0.33336881,0.68070972
q004,doc006_p013,7,9.39821500,4,0.64423549,9.39821500,0.64423549,0.06527861,0.89499009,8.45214500,22.94494800,0.33336881,0.68070972
q004,doc006_p008,20,8.45214500,5,0.61011249,8.45214500,0.61011249,0.00000000,0.79674943,8.45214500,22.94494800,0.33336881,0.68070972
q004,doc005_p004,4,9.72703000,6,0.59865052,9.72703000,0.59865052,0.08796677,0.76375024,8.45214500,22.94494800,0.33336881,0.68070972
q004,doc004_p019,13,9.16508000,7,0.59176099,9.16508000,0.59176099,0.04919235,0.74391517,8.45214500,22.94494800,0.33336881,0.68070972
q004,doc004_p014,17,8.77428200,8,0.57786024,8.77428200,0.57786024,0.02222738,0.70389469,8.45214500,22.94494800,0.33336881,0.68070972
q004,doc003_p004,11,9.24970700,9,0.57671452,9.24970700,0.57671452,0.05503159,0.70059615,8.45214500,22.94494800,0.33336881,0.68070972
q004,doc006_p016,18,8.65834300,10,0.54423702,8.65834300,0.54423702,0.01422761,0.60709291,8.45214500,22.94494800,0.33336881,0.68070972
q004,doc003_p028,16,8.81521000,11,0.53747708,8.81521000,0.53747708,0.02505140,0.58763094,8.45214500,22.94494800,0.33336881,0.68070972
q004,doc006_p019,2,14.14775100,12,0.51159340,14.14775100,0.51159340,0.39299547,0.51311141,8.45214500,22.94494800,0.33336881,0.68070972
q004,doc005_p009,14,9.10872000,13,0.50054997,9.10872000,0.50054997,0.04530352,0.48131720,8.45214500,22.94494800,0.33336881,0.68070972
q004,doc006_p005,15,8.90949000,14,0.46169600,8.90949000,0.46169600,0.03155670,0.36945601,8.45214500,22.94494800,0.33336881,0.68070972
q004,doc006_p026,10,9.30672600,15,0.42130256,9.30672600,0.42130256,0.05896589,0.25316266,8.45214500,22.94494800,0.33336881,0.68070972
q004,doc007_p001,12,9.24594900,16,0.40646103,9.24594900,0.40646103,0.05477229,0.21043366,8.45214500,22.94494800,0.33336881,0.68070972
q004,doc006_p014,6,9.48878600,17,0.39467403,9.48878600,0.39467403,0.07152799,0.17649870,8.45214500,22.94494800,0.33336881,0.68070972
q004,doc010_p001,8,9.37579000,18,0.35864002,9.37579000,0.35864002,0.06373129,0.07275621,8.45214500,22.94494800,0.33336881,0.68070972
q004,doc006_p003,3,11.00130000,19,0.34738654,11.00130000,0.34738654,0.17589110,0.04035727,8.45214500,22.94494800,0.33336881,0.68070972
q004,doc001_p004,1,22.94494800,20,0.33336881,22.94494800,0.33336881,1.00000000,0.00000000,8.45214500,22.94494800,0.33336881,0.68070972
q005,doc001_p002,9,6.86349700,1,0.39230785,6.86349700,0.39230785,0.21837553,0.99999999,5.36289200,12.23456400,-0.36839405,0.39230785
q005,doc004_p016,11,6.48717500,2,0.20727813,6.48717500,0.20727813,0.16361127,0.75676447,5.36289200,12.23456400,-0.36839405,0.39230785
q005,doc005_p006,12,6.35498400,3,0.19935773,6.35498400,0.19935773,0.14437418,0.74635251,5.36289200,12.23456400,-0.36839405,0.39230785
q005,doc004_p010,7,7.37560800,4,0.19155732,7.37560800,0.19155732,0.29290048,0.73609828,5.36289200,12.23456400,-0.36839405,0.39230785
q005,doc006_p013,3,8.82913600,5,0.16113034,8.82913600,0.16113034,0.50442512,0.69609972,5.36289200,12.23456400,-0.36839405,0.39230785
q005,doc004_p015,20,5.36289200,6,0.15255906,5.36289200,0.15255906,0.00000000,0.68483213,5.36289200,12.23456400,-0.36839405,0.39230785
q005,doc005_p004,18,5.42532900,7,0.11323569,5.42532900,0.11323569,0.00908614,0.63313860,5.36289200,12.23456400,-0.36839405,0.39230785
q005,doc006_p009,14,6.14343900,8,0.08092097,6.14343900,0.08092097,0.11358909,0.59065846,5.36289200,12.23456400,-0.36839405,0.39230785
q005,doc006_p019,2,10.53370100,9,0.07474013,10.53370100,0.07474013,0.75248193,0.58253328,5.36289200,12.23456400,-0.36839405,0.39230785
q005,doc005_p009,10,6.54416000,10,0.07431050,6.54416000,0.07431050,0.17190401,0.58196850,5.36289200,12.23456400,-0.36839405,0.39230785
q005,doc006_p005,17,5.53840300,11,0.07389483,5.53840300,0.07389483,0.02554124,0.58142207,5.36289200,12.23456400,-0.36839405,0.39230785
q005,doc010_p002,8,7.00748000,12,0.06093359,7.00748000,0.06093359,0.23932865,0.56438354,5.36289200,12.23456400,-0.36839405,0.39230785
q005,doc005_p001,13,6.20318800,13,0.04819421,6.20318800,0.04819421,0.12228407,0.54763667,5.36289200,12.23456400,-0.36839405,0.39230785
q005,doc007_p002,5,8.02633200,14,0.03333372,8.02633200,0.03333372,0.38759708,0.52810143,5.36289200,12.23456400,-0.36839405,0.39230785
q005,doc006_p011,4,8.73971900,15,0.01734470,8.73971900,0.01734470,0.49141272,0.50708266,5.36289200,12.23456400,-0.36839405,0.39230785
q005,doc001_p005,16,5.71221300,16,-0.02611357,5.71221300,-0.02611357,0.05083494,0.44995349,5.36289200,12.23456400,-0.36839405,0.39230785
q005,doc006_p026,1,12.23456400,17,-0.02889634,12.23456400,-0.02889634,1.00000000,0.44629533,5.36289200,12.23456400,-0.36839405,0.39230785
q005,doc006_p007,15,5.99741800,18,-0.05665664,5.99741800,-0.05665664,0.09233939,0.40980232,5.36289200,12.23456400,-0.36839405,0.39230785
q005,doc002_p001,19,5.38728100,19,-0.24680969,5.38728100,-0.24680969,0.00354921,0.15983181,5.36289200,12.23456400,-0.36839405,0.39230785
q005,doc001_p001,6,7.82208200,20,-0.36839405,7.82208200,-0.36839405,0.35787360,0.00000000,5.36289200,12.23456400,-0.36839405,0.39230785
q006,doc004_p010,9,7.53333700,1,0.42580336,7.53333700,0.42580336,0.19019283,0.99999998,6.50774900,11.90010800,-0.04027573,0.42580336
q006,doc006_p013,6,7.74352900,2,0.41562644,7.74352900,0.41562644,0.22917243,0.97816480,6.50774900,11.90010800,-0.04027573,0.42580336
q006,doc004_p003,5,8.15344600,3,0.40281132,8.15344600,0.40281132,0.30519055,0.95066921,6.50774900,11.90010800,-0.04027573,0.42580336
q006,doc004_p014,8,7.61101100,4,0.40200669,7.61101100,0.40200669,0.20459728,0.94894283,6.50774900,11.90010800,-0.04027573,0.42580336
q006,doc004_p009,19,6.76421200,5,0.37618437,6.76421200,0.37618437,0.04756045,0.89353953,6.50774900,11.90010800,-0.04027573,0.42580336
q006,doc004_p011,2,9.77296300,6,0.36536902,9.77296300,0.36536902,0.60552608,0.87033456,6.50774900,11.90010800,-0.04027573,0.42580336
q006,doc004_p019,11,7.46032800,7,0.35570893,7.46032800,0.35570893,0.17665348,0.84960827,6.50774900,11.90010800,-0.04027573,0.42580336
q006,doc006_p019,4,8.26248200,8,0.34780726,8.26248200,0.34780726,0.32541101,0.83265478,6.50774900,11.90010800,-0.04027573,0.42580336
q006,doc003_p028,15,6.99705800,9,0.34081760,6.99705800,0.34081760,0.09074118,0.81765805,6.50774900,11.90010800,-0.04027573,0.42580336
q006,doc006_p016,16,6.92899800,10,0.30922604,6.92899800,0.30922604,0.07811961,0.74987651,6.50774900,11.90010800,-0.04027573,0.42580336
q006,doc006_p009,20,6.50774900,11,0.28430247,6.50774900,0.28430247,0.00000000,0.69640153,6.50774900,11.90010800,-0.04027573,0.42580336
q006,doc010_p002,14,7.00748000,12,0.26907825,7.00748000,0.26907825,0.09267391,0.66373708,6.50774900,11.90010800,-0.04027573,0.42580336
q006,doc005_p009,13,7.12011600,13,0.24991603,7.12011600,0.24991603,0.11356199,0.62262341,6.50774900,11.90010800,-0.04027573,0.42580336
q006,doc006_p006,12,7.21537200,14,0.23390865,7.21537200,0.23390865,0.13122698,0.58827864,6.50774900,11.90010800,-0.04027573,0.42580336
q006,doc009_p003,7,7.66481400,15,0.20975165,7.66481400,0.20975165,0.21457492,0.53644838,6.50774900,11.90010800,-0.04027573,0.42580336
q006,doc003_p001,18,6.77058900,16,0.16220649,6.77058900,0.16220649,0.04874305,0.43443746,6.50774900,11.90010800,-0.04027573,0.42580336
q006,doc008_p003,3,9.19338600,17,0.14389294,9.19338600,0.14389294,0.49804492,0.39514467,6.50774900,11.90010800,-0.04027573,0.42580336
q006,doc006_p003,17,6.90773100,18,0.10736419,6.90773100,0.10736419,0.07417570,0.31677009,6.50774900,11.90010800,-0.04027573,0.42580336
q006,doc008_p001,10,7.50461300,19,0.01751122,7.50461300,0.01751122,0.18486603,0.12398528,6.50774900,11.90010800,-0.04027573,0.42580336
q006,doc002_p001,1,11.90010800,20,-0.04027573,11.90010800,-0.04027573,1.00000000,0.00000000,6.50774900,11.90010800,-0.04027573,0.42580336
q007,doc004_p019,15,8.14360000,1,0.43693981,8.14360000,0.43693981,0.08255153,0.99999999,7.30911800,17.41773700,-0.27679124,0.43693981
q007,doc004_p003,19,7.75285800,2,0.41305134,7.75285800,0.41305134,0.04389719,0.96653014,7.30911800,17.41773700,-0.27679124,0.43693981
q007,doc006_p002,14,8.16777000,3,0.41111365,8.16777000,0.41111365,0.08494256,0.96381526,7.30911800,17.41773700,-0.27679124,0.43693981
q007,doc006_p013,6,9.62721400,4,0.36529362,9.62721400,0.36529362,0.22931876,0.89961737,7.30911800,17.41773700,-0.27679124,0.43693981
q007,doc006_p019,1,17.41773700,5,0.36519870,17.41773700,0.36519870,1.00000000,0.89948438,7.30911800,17.41773700,-0.27679124,0.43693981
q007,doc004_p014,16,7.99516500,6,0.35687914,7.99516500,0.35687914,0.06786753,0.88782794,7.30911800,17.41773700,-0.27679124,0.43693981
q007,doc005_p004,18,7.97847600,7,0.34837019,7.97847600,0.34837019,0.06621656,0.87590616,7.30911800,17.41773700,-0.27679124,0.43693981
q007,doc006_p016,8,8.78106700,8,0.24912003,8.78106700,0.24912003,0.14561326,0.73684795,7.30911800,17.41773700,-0.27679124,0.43693981
q007,doc006_p008,5,9.81867700,9,0.24310370,9.81867700,0.24310370,0.24825933,0.72841854,7.30911800,17.41773700,-0.27679124,0.43693981
q007,doc009_p003,17,7.99154700,10,0.23000428,7.99154700,0.23000428,0.06750962,0.71006510,7.30911800,17.41773700,-0.27679124,0.43693981
q007,doc005_p009,10,8.71052700,11,0.18127334,8.71052700,0.18127334,0.13863506,0.64178877,7.30911800,17.41773700,-0.27679124,0.43693981
q007,doc006_p005,4,9.97927800,12,0.18059984,9.97927800,0.18059984,0.26414686,0.64084514,7.30911800,17.41773700,-0.27679124,0.43693981
q007,doc006_p006,11,8.49102500,13,0.15358140,8.49102500,0.15358140,0.11692072,0.60298993,7.30911800,17.41773700,-0.27679124,0.43693981
q007,doc006_p009,7,9.12213800,14,0.14881332,9.12213800,0.14881332,0.17935388,0.59630943,7.30911800,17.41773700,-0.27679124,0.43693981
q007,doc006_p003,13,8.26754700,15,0.11350543,8.26754700,0.11350543,0.09481305,0.54683997,7.30911800,17.41773700,-0.27679124,0.43693981
q007,doc005_p008,3,13.29842900,16,0.09346649,13.29842900,0.09346649,0.59249547,0.51876365,7.30911800,17.41773700,-0.27679124,0.43693981
q007,doc010_p002,9,8.73311000,17,0.09064420,8.73311000,0.09064420,0.14086909,0.51480937,7.30911800,17.41773700,-0.27679124,0.43693981
q007,doc007_p002,20,7.30911800,18,0.08211306,7.30911800,0.08211306,0.00000000,0.50285650,7.30911800,17.41773700,-0.27679124,0.43693981
q007,doc002_p001,2,13.48620900,19,-0.09961462,13.48620900,-0.09961462,0.61107170,0.24824003,7.30911800,17.41773700,-0.27679124,0.43693981
q007,doc001_p001,12,8.46111900,20,-0.27679124,8.46111900,-0.27679124,0.11396225,0.00000000,7.30911800,17.41773700,-0.27679124,0.43693981
q008,doc003_p012,10,7.94956900,1,1.08390713,7.94956900,1.08390713,0.18021278,0.99999999,5.25160300,20.22260600,0.13573116,1.08390713
q008,doc005_p006,16,5.74396300,2,0.71264827,5.74396300,0.71264827,0.03288758,0.60844940,5.25160300,20.22260600,0.13573116,1.08390713
q008,doc003_p022,4,13.61283900,3,0.63277966,13.61283900,0.63277966,0.55849538,0.52421545,5.25160300,20.22260600,0.13573116,1.08390713
q008,doc003_p007,1,20.22260600,4,0.55796361,20.22260600,0.55796361,1.00000000,0.44531022,5.25160300,20.22260600,0.13573116,1.08390713
q008,doc006_p013,8,8.60126400,5,0.54882151,8.60126400,0.54882151,0.22374326,0.43566844,5.25160300,20.22260600,0.13573116,1.08390713
q008,doc003_p004,5,9.30020900,6,0.53892052,9.30020900,0.53892052,0.27042984,0.42522630,5.25160300,20.22260600,0.13573116,1.08390713
q008,doc006_p019,6,9.29413000,7,0.52383798,9.29413000,0.52383798,0.27002379,0.40931940,5.25160300,20.22260600,0.13573116,1.08390713
q008,doc003_p003,15,6.92917700,8,0.51759923,6.92917700,0.51759923,0.11205488,0.40273966,5.25160300,20.22260600,0.13573116,1.08390713
q008,doc003_p008,2,18.08574500,9,0.51679122,18.08574500,0.51679122,0.85726668,0.40188749,5.25160300,20.22260600,0.13573116,1.08390713
q008,doc006_p016,19,5.29084000,10,0.49710852,5.29084000,0.49710852,0.00262087,0.38112900,5.25160300,20.22260600,0.13573116,1.08390713
q008,doc010_p002,17,5.66062600,11,0.45232823,5.66062600,0.45232823,0.02732102,0.33390117,5.25160300,20.22260600,0.13573116,1.08390713
q008,doc006_p009,14,7.66040700,12,0.42158094,7.66040700,0.42158094,0.16089797,0.30147334,5.25160300,20.22260600,0.13573116,1.08390713
q008,doc003_p010,9,8.32947300,13,0.37293151,8.32947300,0.37293151,0.20558876,0.25016490,5.25160300,20.22260600,0.13573116,1.08390713
q008,doc005_p001,20,5.25160300,14,0.36293462,5.25160300,0.36293462,0.00000000,0.23962162,5.25160300,20.22260600,0.13573116,1.08390713
q008,doc006_p011,7,8.79135200,15,0.35849819,8.79135200,0.35849819,0.23644034,0.23494271,5.25160300,20.22260600,0.13573116,1.08390713
q008,doc006_p006,18,5.37004500,16,0.32258376,5.37004500,0.32258376,0.00791143,0.19706532,5.25160300,20.22260600,0.13573116,1.08390713
q008,doc003_p019,13,7.94956900,17,0.28725728,7.94956900,0.28725728,0.18021278,0.15980801,5.25160300,20.22260600,0.13573116,1.08390713
q008,doc003_p029,3,17.10521700,18,0.27531031,17.10521700,0.27531031,0.79177153,0.14720806,5.25160300,20.22260600,0.13573116,1.08390713
q008,doc003_p016,12,7.94956900,19,0.27482808,7.94956900,0.27482808,0.18021278,0.14669948,5.25160300,20.22260600,0.13573116,1.08390713
q008,doc003_p014,11,7.94956900,20,0.13573116,7.94956900,0.13573116,0.18021278,0.00000000,5.25160300,20.22260600,0.13573116,1.08390713
q009,doc005_p006,16,5.74396300,1,0.76595199,5.74396300,0.76595199,0.03235398,0.99999998,5.25160300,20.46951300,0.11955182,0.76595199
q009,doc003_p022,4,11.00500900,2,0.69894534,11.00500900,0.69894534,0.37806808,0.89633874,5.25160300,20.46951300,0.11955182,0.76595199
q009,doc003_p004,15,7.08633800,3,0.66305590,7.08633800,0.66305590,0.12056419,0.84081672,5.25160300,20.46951300,0.11955182,0.76595199
q009,doc006_p019,5,9.29413000,4,0.65220094,9.29413000,0.65220094,0.26564272,0.82402378,5.25160300,20.46951300,0.11955182,0.76595199
q009,doc006_p013,10,8.60126400,5,0.64183205,8.60126400,0.64183205,0.22011308,0.80798280,5.25160300,20.46951300,0.11955182,0.76595199
q009,doc003_p007,2,17.98542700,6,0.62880611,17.98542700,0.62880611,0.83676563,0.78783129,5.25160300,20.46951300,0.11955182,0.76595199
q009,doc003_p013,8,8.66331400,7,0.61334509,8.66331400,0.61334509,0.22419051,0.76391264,5.25160300,20.46951300,0.11955182,0.76595199
q009,doc003_p003,14,7.13063900,8,0.60278630,7.13063900,0.60278630,0.12347530,0.74757789,5.25160300,20.46951300,0.11955182,0.76595199
q009,doc003_p008,1,20.46951300,9,0.59261864,20.46951300,0.59261864,1.00000000,0.73184822,5.25160300,20.46951300,0.11955182,0.76595199
q009,doc006_p016,19,5.29084000,10,0.56344754,5.29084000,0.56344754,0.00257834,0.68671967,5.25160300,20.46951300,0.11955182,0.76595199
q009,doc010_p002,17,5.66062600,11,0.53427941,5.66062600,0.53427941,0.02687774,0.64159572,5.25160300,20.46951300,0.11955182,0.76595199
q009,doc003_p020,12,8.29345400,12,0.50852436,8.29345400,0.50852436,0.19988625,0.60175191,5.25160300,20.46951300,0.11955182,0.76595199
q009,doc005_p001,20,5.25160300,13,0.49928045,5.25160300,0.49928045,0.00000000,0.58745131,5.25160300,20.46951300,0.11955182,0.76595199
q009,doc003_p011,7,8.66331400,14,0.46587867,8.66331400,0.46587867,0.22419051,0.53577777,5.25160300,20.46951300,0.11955182,0.76595199
q009,doc006_p009,13,7.66040700,15,0.44810915,7.66040700,0.44810915,0.15828744,0.50828781,5.25160300,20.46951300,0.11955182,0.76595199
q009,doc006_p006,18,5.37004500,16,0.41348341,5.37004500,0.41348341,0.00778307,0.45472077,5.25160300,20.46951300,0.11955182,0.76595199
q009,doc006_p011,6,8.79135200,17,0.40713251,8.79135200,0.40713251,0.23260415,0.44489575,5.25160300,20.46951300,0.11955182,0.76595199
q009,doc003_p017,9,8.66331400,18,0.30601180,8.66331400,0.30601180,0.22419051,0.28845905,5.25160300,20.46951300,0.11955182,0.76595199
q009,doc003_p029,3,17.55199000,19,0.29326153,17.55199000,0.29326153,0.80828359,0.26873401,5.25160300,20.46951300,0.11955182,0.76595199
q009,doc003_p015,11,8.29345400,20,0.11955182,8.29345400,0.11955182,0.19988625,0.00000000,5.25160300,20.46951300,0.11955182,0.76595199
q010,doc004_p010,17,7.58141000,1,0.64304680,7.58141000,0.64304680,0.04961710,0.99999998,7.00748000,18.57466200,0.17445496,0.64304680
q010,doc005_p006,18,7.14786500,2,0.61999404,7.14786500,0.61999404,0.01213649,0.95080416,7.00748000,18.57466200,0.17445496,0.64304680
q010,doc004_p016,2,14.72899300,3,0.59570181,14.72899300,0.59570181,0.66753622,0.89896324,7.00748000,18.57466200,0.17445496,0.64304680
q010,doc004_p015,12,9.37148800,4,0.53413701,9.37148800,0.53413701,0.20437199,0.76758068,7.00748000,18.57466200,0.17445496,0.64304680
q010,doc006_p013,9,10.39885700,5,0.51177353,10.39885700,0.51177353,0.29318956,0.71985582,7.00748000,18.57466200,0.17445496,0.64304680
q010,doc005_p001,15,7.83346600,6,0.40543219,7.83346600,0.40543219,0.07140771,0.49291773,7.00748000,18.57466200,0.17445496,0.64304680
q010,doc010_p002,20,7.00748000,7,0.39998114,7.00748000,0.39998114,0.00000000,0.48128490,7.00748000,18.57466200,0.17445496,0.64304680
q010,doc006_p019,1,18.57466200,8,0.38994613,18.57466200,0.38994613,1.00000000,0.45986965,7.00748000,18.57466200,0.17445496,0.64304680
q010,doc003_p009,3,13.19011200,9,0.38761508,13.19011200,0.38761508,0.53449768,0.45489506,7.00748000,18.57466200,0.17445496,0.64304680
q010,doc005_p009,13,8.03741900,10,0.37440947,8.03741900,0.37440947,0.08903975,0.42671359,7.00748000,18.57466200,0.17445496,0.64304680
q010,doc006_p009,16,7.66040700,11,0.36672223,7.66040700,0.36672223,0.05644651,0.41030861,7.00748000,18.57466200,0.17445496,0.64304680
q010,doc007_p002,14,8.02633200,12,0.32916394,8.02633200,0.32916394,0.08808126,0.33015721,7.00748000,18.57466200,0.17445496,0.64304680
q010,doc006_p006,11,9.82467800,13,0.31196734,9.82467800,0.31196734,0.24355094,0.29345875,7.00748000,18.57466200,0.17445496,0.64304680
q010,doc006_p011,10,10.15773000,14,0.30963799,10.15773000,0.30963799,0.27234377,0.28848780,7.00748000,18.57466200,0.17445496,0.64304680
q010,doc003_p029,19,7.04785400,15,0.29700950,7.04785400,0.29700950,0.00349039,0.26153792,7.00748000,18.57466200,0.17445496,0.64304680
q010,doc004_p020,6,11.69692900,16,0.29559681,11.69692900,0.29559681,0.40540980,0.25852317,7.00748000,18.57466200,0.17445496,0.64304680
q010,doc006_p026,4,12.67405500,17,0.28912741,12.67405500,0.28912741,0.48988379,0.24471712,7.00748000,18.57466200,0.17445496,0.64304680
q010,doc006_p007,5,11.77228100,18,0.26059559,11.77228100,0.26059559,0.41192410,0.18382870,7.00748000,18.57466200,0.17445496,0.64304680
q010,doc001_p004,7,11.36885800,19,0.20266186,11.36885800,0.20266186,0.37704758,0.06019503,7.00748000,18.57466200,0.17445496,0.64304680
q010,doc002_p001,8,10.67486300,20,0.17445496,10.67486300,0.17445496,0.31705069,0.00000000,7.00748000,18.57466200,0.17445496,0.64304680
q011,doc003_p012,10,11.25001500,1,1.33726823,11.25001500,1.33726823,0.23057366,0.99999999,9.39821500,17.42948800,0.01311940,1.33726823
q011,doc005_p006,15,10.99892900,2,0.88828802,10.99892900,0.88828802,0.19931012,0.66092919,9.39821500,17.42948800,0.01311940,1.33726823
q011,doc005_p004,7,11.87437400,3,0.85118842,11.87437400,0.85118842,0.30831463,0.63291149,9.39821500,17.42948800,0.01311940,1.33726823
q011,doc006_p013,20,9.39821500,4,0.77909398,9.39821500,0.77909398,0.00000000,0.57846562,9.39821500,17.42948800,0.01311940,1.33726823
q011,doc004_p010,8,11.32723800,5,0.77448893,11.32723800,0.77448893,0.24018895,0.57498788,9.39821500,17.42948800,0.01311940,1.33726823
q011,doc003_p004,4,13.67931300,6,0.72939289,13.67931300,0.72939289,0.53305348,0.54093125,9.39821500,17.42948800,0.01311940,1.33726823
q011,doc003_p003,9,11.28724000,7,0.72902656,11.28724000,0.72902656,0.23520866,0.54065460,9.39821500,17.42948800,0.01311940,1.33726823
q011,doc005_p001,18,9.64107000,8,0.64293766,9.64107000,0.64293766,0.03023867,0.47564008,9.39821500,17.42948800,0.01311940,1.33726823
q011,doc005_p009,17,10.39891800,9,0.62811190,10.39891800,0.62811190,0.12460079,0.46444363,9.39821500,17.42948800,0.01311940,1.33726823
q011,doc006_p019,6,12.34209900,10,0.62445945,12.34209900,0.62445945,0.36655260,0.46168530,9.39821500,17.42948800,0.01311940,1.33726823
q011,doc006_p003,14,11.00130000,11,0.59904552,11.00130000,0.59904552,0.19960534,0.44249264,9.39821500,17.42948800,0.01311940,1.33726823
q011,doc003_p022,19,9.62110200,12,0.51757812,9.62110200,0.51757812,0.02775239,0.38096829,9.39821500,17.42948800,0.01311940,1.33726823
q011,doc003_p011,5,12.56398800,13,0.50721484,12.56398800,0.50721484,0.39418072,0.37314192,9.39821500,17.42948800,0.01311940,1.33726823
q011,doc003_p029,1,17.42948800,14,0.43075544,17.42948800,0.43075544,1.00000000,0.31539962,9.39821500,17.42948800,0.01311940,1.33726823
q011,doc003_p010,2,15.66685400,15,0.38326907,15.66685400,0.38326907,0.78052869,0.27953781,9.39821500,17.42948800,0.01311940,1.33726823
q011,doc003_p019,13,11.25001500,16,0.34690577,11.25001500,0.34690577,0.23057366,0.25207617,9.39821500,17.42948800,0.01311940,1.33726823
q011,doc010_p001,16,10.51996200,17,0.34659928,10.51996200,0.34659928,0.13967238,0.25184471,9.39821500,17.42948800,0.01311940,1.33726823
q011,doc003_p016,12,11.25001500,18,0.22641507,11.25001500,0.22641507,0.23057366,0.16108134,9.39821500,17.42948800,0.01311940,1.33726823
q011,doc003_p014,11,11.25001500,19,0.19687937,11.25001500,0.19687937,0.23057366,0.13877592,9.39821500,17.42948800,0.01311940,1.33726823
q011,doc002_p001,3,15.08507200,20,0.01311940,15.08507200,0.01311940,0.70808912,0.00000000,9.39821500,17.42948800,0.01311940,1.33726823
q012,doc005_p004,8,11.87437400,1,0.80202037,11.87437400,0.80202037,0.31061193,0.99999999,9.17015300,17.87626100,-0.06638096,0.80202037
q012,doc005_p006,15,10.99892900,2,0.79551727,10.99892900,0.79551727,0.21005666,0.99251140,9.17015300,17.87626100,-0.06638096,0.80202037
q012,doc003_p013,6,11.89481900,3,0.74515909,11.89481900,0.74515909,0.31296028,0.93452188,9.17015300,17.87626100,-0.06638096,0.80202037
q012,doc006_p013,19,9.39821500,4,0.70604652,9.39821500,0.70604652,0.02619563,0.88948214,9.17015300,17.87626100,-0.06638096,0.80202037
q012,doc004_p010,13,11.32723800,5,0.68212074,11.32723800,0.68212074,0.24776685,0.86193061,9.17015300,17.87626100,-0.06638096,0.80202037
q012,doc003_p004,12,11.46544200,6,0.66176623,11.46544200,0.66176623,0.26364123,0.83849156,9.17015300,17.87626100,-0.06638096,0.80202037
q012,doc003_p003,11,11.48870200,7,0.65767395,11.48870200,0.65767395,0.26631291,0.83377913,9.17015300,17.87626100,-0.06638096,0.80202037
q012,doc005_p001,18,9.64107000,8,0.58109426,9.64107000,0.58109426,0.05409042,0.74559445,9.17015300,17.87626100,-0.06638096,0.80202037
q012,doc006_p019,5,12.34209900,9,0.58012593,12.34209900,0.58012593,0.36433571,0.74447938,9.17015300,17.87626100,-0.06638096,0.80202037
q012,doc003_p020,10,11.59389900,10,0.52577531,11.59389900,0.52577531,0.27839604,0.68189240,9.17015300,17.87626100,-0.06638096,0.80202037
q012,doc005_p009,17,10.39891800,11,0.52020454,10.39891800,0.52020454,0.14113827,0.67547742,9.17015300,17.87626100,-0.06638096,0.80202037
q012,doc006_p003,14,11.00130000,12,0.50380337,11.00130000,0.50380337,0.21032900,0.65659080,9.17015300,17.87626100,-0.06638096,0.80202037
q012,doc003_p011,2,16.00069600,13,0.44439799,16.00069600,0.44439799,0.78456906,0.58818305,9.17015300,17.87626100,-0.06638096,0.80202037
q012,doc003_p009,20,9.17015300,14,0.41100329,9.17015300,0.41100329,0.00000000,0.54972768,9.17015300,17.87626100,-0.06638096,0.80202037
q012,doc003_p010,4,12.56398800,15,0.36113769,12.56398800,0.36113769,0.38982229,0.49230538,9.17015300,17.87626100,-0.06638096,0.80202037
q012,doc003_p029,1,17.87626100,16,0.30460969,17.87626100,0.30460969,1.00000000,0.42721105,9.17015300,17.87626100,-0.06638096,0.80202037
q012,doc003_p017,7,11.89481900,17,0.26345253,11.89481900,0.26345253,0.31296028,0.37981688,9.17015300,17.87626100,-0.06638096,0.80202037
q012,doc010_p001,16,10.51996200,18,0.23170975,10.51996200,0.23170975,0.15504161,0.34326376,9.17015300,17.87626100,-0.06638096,0.80202037
q012,doc003_p015,9,11.59389900,19,0.07123137,11.59389900,0.07123137,0.27839604,0.15846628,9.17015300,17.87626100,-0.06638096,0.80202037
q012,doc002_p001,3,15.08507200,20,-0.06638096,15.08507200,-0.06638096,0.67939876,0.00000000,9.17015300,17.87626100,-0.06638096,0.80202037
q013,doc003_p012,2,14.45816600,1,1.19222522,14.45816600,1.19222522,0.74887905,0.99999999,7.31226100,16.85439600,0.05723455,1.19222522
q013,doc003_p013,3,12.06323300,2,0.72466338,12.06323300,0.72466338,0.49789402,0.58804785,7.31226100,16.85439600,0.05723455,1.19222522
q013,doc004_p010,15,7.65908800,3,0.52014703,7.65908800,0.52014703,0.03634690,0.40785575,7.31226100,16.85439600,0.05723455,1.19222522
q013,doc006_p013,5,10.35061100,4,0.51252657,10.35061100,0.51252657,0.31841407,0.40114164,7.31226100,16.85439600,0.05723455,1.19222522
q013,doc003_p004,11,8.78343300,5,0.39372444,8.78343300,0.39372444,0.15417640,0.29646930,7.31226100,16.85439600,0.05723455,1.19222522
q013,doc003_p003,9,9.83942600,6,0.35482922,9.83942600,0.35482922,0.26484272,0.26220010,7.31226100,16.85439600,0.05723455,1.19222522
q013,doc006_p019,14,8.26248200,7,0.34891278,8.26248200,0.34891278,0.09958159,0.25698733,7.31226100,16.85439600,0.05723455,1.19222522
q013,doc006_p009,18,7.60517000,8,0.33646059,7.60517000,0.33646059,0.03069638,0.24601615,7.31226100,16.85439600,0.05723455,1.19222522
q013,doc003_p022,13,8.46433300,9,0.30486724,8.46433300,0.30486724,0.12073524,0.21818037,7.31226100,16.85439600,0.05723455,1.19222522
q013,doc006_p010,19,7.40988500,10,0.29617149,7.40988500,0.29617149,0.01023083,0.21051886,7.31226100,16.85439600,0.05723455,1.19222522
q013,doc010_p002,12,8.77777300,11,0.29210919,8.77777300,0.29210919,0.15358324,0.20693971,7.31226100,16.85439600,0.05723455,1.19222522
q013,doc006_p003,20,7.31226100,12,0.27669266,7.31226100,0.27669266,0.00000000,0.19335675,7.31226100,16.85439600,0.05723455,1.19222522
q013,doc006_p011,10,9.50516400,13,0.26945835,9.50516400,0.26945835,0.22981262,0.18698286,7.31226100,16.85439600,0.05723455,1.19222522
q013,doc003_p011,16,7.65497500,14,0.25590399,7.65497500,0.25590399,0.03591586,0.17504059,7.31226100,16.85439600,0.05723455,1.19222522
q013,doc003_p010,4,10.75784100,15,0.15249962,10.75784100,0.15249962,0.36109110,0.08393467,7.31226100,16.85439600,0.05723455,1.19222522
q013,doc003_p029,1,16.85439600,16,0.13285330,16.85439600,0.13285330,1.00000000,0.06662500,7.31226100,16.85439600,0.05723455,1.19222522
q013,doc003_p019,8,9.91729600,17,0.10945539,9.91729600,0.10945539,0.27300337,0.04600993,7.31226100,16.85439600,0.05723455,1.19222522
q013,doc003_p017,17,7.65497500,18,0.09201564,7.65497500,0.09201564,0.03591586,0.03064438,7.31226100,16.85439600,0.05723455,1.19222522
q013,doc003_p016,7,9.91729600,19,0.07431485,9.91729600,0.07431485,0.27300337,0.01504885,7.31226100,16.85439600,0.05723455,1.19222522
q013,doc003_p014,6,9.91729600,20,0.05723455,9.91729600,0.05723455,0.27300337,0.00000000,7.31226100,16.85439600,0.05723455,1.19222522
q014,doc003_p012,3,11.26195700,1,1.09869623,11.26195700,1.09869623,0.41248692,0.99999999,7.02188800,17.30116900,-0.09017535,1.09869623
q014,doc003_p013,2,15.49994100,2,0.60722458,15.49994100,0.60722458,0.82477101,0.58660661,7.02188800,17.30116900,-0.09017535,1.09869623
q014,doc006_p013,6,10.35061100,3,0.35089886,10.35061100,0.35089886,0.32382839,0.37100240,7.02188800,17.30116900,-0.09017535,1.09869623
q014,doc004_p019,18,7.15969900,4,0.32484931,7.15969900,0.32484931,0.01340668,0.34909124,7.02188800,17.30116900,-0.09017535,1.09869623
q014,doc004_p010,13,7.65908800,5,0.32005993,7.65908800,0.32005993,0.06198877,0.34506273,7.02188800,17.30116900,-0.09017535,1.09869623
q014,doc003_p003,9,10.04088900,6,0.20730747,10.04088900,0.20730747,0.29369768,0.25022284,7.02188800,17.30116900,-0.09017535,1.09869623
q014,doc006_p019,12,8.26248200,7,0.20055911,8.26248200,0.20055911,0.12068879,0.24454656,7.02188800,17.30116900,-0.09017535,1.09869623
q014,doc006_p010,16,7.40988500,8,0.14644802,7.40988500,0.14644802,0.03774554,0.19903190,7.02188800,17.30116900,-0.09017535,1.09869623
q014,doc003_p020,8,10.26118100,9,0.13938384,10.26118100,0.13938384,0.31512836,0.19308998,7.02188800,17.30116900,-0.09017535,1.09869623
q014,doc005_p009,19,7.08172700,10,0.13861352,7.08172700,0.13861352,0.00582132,0.19244204,7.02188800,17.30116900,-0.09017535,1.09869623
q014,doc006_p009,15,7.60517000,11,0.13556249,7.60517000,0.13556249,0.05674346,0.18987571,7.02188800,17.30116900,-0.09017535,1.09869623
q014,doc010_p002,11,8.77777300,12,0.12334419,8.77777300,0.12334419,0.17081788,0.17959849,7.02188800,17.30116900,-0.09017535,1.09869623
q014,doc006_p011,10,9.50516400,13,0.10798527,9.50516400,0.10798527,0.24158071,0.16667958,7.02188800,17.30116900,-0.09017535,1.09869623
q014,doc003_p011,4,11.09168300,14,0.09736973,11.09168300,0.09736973,0.39592215,0.15775049,7.02188800,17.30116900,-0.09017535,1.09869623
q014,doc006_p003,17,7.31226100,15,0.05191436,7.31226100,0.05191436,0.02824838,0.11951645,7.02188800,17.30116900,-0.09017535,1.09869623
q014,doc007_p002,20,7.02188800,16,0.05000082,7.02188800,0.05000082,0.00000000,0.11790691,7.02188800,17.30116900,-0.09017535,1.09869623
q014,doc003_p010,14,7.65497500,17,0.03617526,7.65497500,0.03617526,0.06158865,0.10627776,7.02188800,17.30116900,-0.09017535,1.09869623
q014,doc003_p017,5,11.09168300,18,-0.05420347,11.09168300,-0.05420347,0.39592215,0.03025716,7.02188800,17.30116900,-0.09017535,1.09869623
q014,doc003_p015,7,10.26118100,19,-0.06169652,10.26118100,-0.06169652,0.31512836,0.02395450,7.02188800,17.30116900,-0.09017535,1.09869623
q014,doc003_p029,1,17.30116900,20,-0.09017535,17.30116900,-0.09017535,1.00000000,0.00000000,7.02188800,17.30116900,-0.09017535,1.09869623
q015,doc003_p012,11,11.25001500,1,1.24539196,11.25001500,1.24539196,0.21635783,0.99999999,9.54390800,17.42948800,-0.03655767,1.24539196
q015,doc005_p006,20,9.54390800,2,0.87200034,9.54390800,0.87200034,0.00000000,0.70873144,9.54390800,17.42948800,-0.03655767,1.24539196
q015,doc004_p010,9,11.32723800,3,0.75267649,11.32723800,0.75267649,0.22615077,0.61565145,9.54390800,17.42948800,-0.03655767,1.24539196
q015,doc006_p013,7,12.14820400,4,0.70411730,12.14820400,0.70411730,0.33026055,0.57777228,9.54390800,17.42948800,-0.03655767,1.24539196
q015,doc003_p004,15,10.53405500,5,0.69002509,10.53405500,0.69002509,0.12556426,0.56677949,9.54390800,17.42948800,-0.03655767,1.24539196
q015,doc003_p003,10,11.28724000,6,0.67950177,11.28724000,0.67950177,0.22107847,0.55857065,9.54390800,17.42948800,-0.03655767,1.24539196
q015,doc003_p006,4,12.36978100,7,0.66925812,12.36978100,0.66925812,0.35835956,0.55057997,9.54390800,17.42948800,-0.03655767,1.24539196
q015,doc005_p001,18,9.64107000,8,0.62584978,9.64107000,0.62584978,0.01232148,0.51671878,9.54390800,17.42948800,-0.03655767,1.24539196
q015,doc006_p019,5,12.34209900,9,0.54184794,12.34209900,0.54184794,0.35484910,0.45119215,9.54390800,17.42948800,-0.03655767,1.24539196
q015,doc006_p011,14,10.87154200,10,0.52711779,10.87154200,0.52711779,0.16836225,0.43970172,9.54390800,17.42948800,-0.03655767,1.24539196
q015,doc003_p022,19,9.62110200,11,0.51775867,9.62110200,0.51775867,0.00978926,0.43240103,9.54390800,17.42948800,-0.03655767,1.24539196
q015,doc005_p009,17,10.39891800,12,0.49313316,10.39891800,0.49313316,0.10842703,0.41319161,9.54390800,17.42948800,-0.03655767,1.24539196
q015,doc003_p029,1,17.42948800,13,0.38458502,17.42948800,0.38458502,1.00000000,0.32851734,9.54390800,17.42948800,-0.03655767,1.24539196
q015,doc003_p019,13,11.25001500,14,0.35500056,11.25001500,0.35500056,0.21635783,0.30543963,9.54390800,17.42948800,-0.03655767,1.24539196
q015,doc010_p001,16,10.51996200,15,0.33863986,10.51996200,0.33863986,0.12377707,0.29267728,9.54390800,17.42948800,-0.03655767,1.24539196
q015,doc003_p010,8,11.56097700,16,0.33245611,11.56097700,0.33245611,0.25579209,0.28785357,9.54390800,17.42948800,-0.03655767,1.24539196
q015,doc003_p016,12,11.25001500,17,0.22300479,11.25001500,0.22300479,0.21635783,0.20247477,9.54390800,17.42948800,-0.03655767,1.24539196
q015,doc003_p014,2,15.47940700,18,0.19070852,15.47940700,0.19070852,0.75270291,0.17728168,9.54390800,17.42948800,-0.03655767,1.24539196
q015,doc003_p015,6,12.28319900,19,0.13518307,12.28319900,0.13518307,0.34737977,0.13396840,9.54390800,17.42948800,-0.03655767,1.24539196
q015,doc002_p001,3,15.08507200,20,-0.03655767,15.08507200,-0.03655767,0.70269581,0.00000000,9.54390800,17.42948800,-0.03655767,1.24539196
q016,doc005_p006,18,9.54390800,1,0.81274861,9.54390800,0.81274861,0.04618481,0.99999999,9.14044600,17.87626100,-0.10208221,0.81274861
q016,doc004_p019,19,9.16508000,2,0.75680423,9.16508000,0.75680423,0.00281989,0.93884728,9.14044600,17.87626100,-0.10208221,0.81274861
q016,doc006_p013,7,12.14820400,3,0.69522130,12.14820400,0.69522130,0.34430193,0.87153109,9.14044600,17.87626100,-0.10208221,0.81274861
q016,doc004_p010,13,11.32723800,4,0.69129854,11.32723800,0.69129854,0.25032490,0.86724313,9.14044600,17.87626100,-0.10208221,0.81274861
q016,doc003_p013,9,11.89481900,5,0.68497288,11.89481900,0.68497288,0.31529663,0.86032856,9.14044600,17.87626100,-0.10208221,0.81274861
q016,doc003_p006,4,12.36978100,6,0.68038040,12.36978100,0.68038040,0.36966614,0.85530853,9.14044600,17.87626100,-0.10208221,0.81274861
q016,doc003_p003,12,11.48870200,7,0.65581745,11.48870200,0.65581745,0.26880789,0.82845881,9.14044600,17.87626100,-0.10208221,0.81274861
q016,doc005_p001,17,9.64107000,8,0.61873317,9.64107000,0.61873317,0.05730707,0.78792205,9.14044600,17.87626100,-0.10208221,0.81274861
q016,doc003_p020,11,11.59389900,9,0.56663692,11.59389900,0.56663692,0.28084993,0.73097573,9.14044600,17.87626100,-0.10208221,0.81274861
q016,doc006_p019,5,12.34209900,10,0.54803282,12.34209900,0.54803282,0.36649734,0.71063962,9.14044600,17.87626100,-0.10208221,0.81274861
q016,doc006_p011,14,10.87154200,11,0.50243497,10.87154200,0.50243497,0.19816079,0.66079669,9.14044600,17.87626100,-0.10208221,0.81274861
q016,doc003_p011,8,11.89481900,12,0.47186452,11.89481900,0.47186452,0.31529663,0.62738018,9.14044600,17.87626100,-0.10208221,0.81274861
q016,doc006_p003,20,9.14044600,13,0.41756853,9.14044600,0.41756853,0.00000000,0.56802933,9.14044600,17.87626100,-0.10208221,0.81274861
q016,doc005_p009,16,10.39891800,14,0.39782742,10.39891800,0.39782742,0.14405891,0.54645035,9.14044600,17.87626100,-0.10208221,0.81274861
q016,doc003_p029,1,17.87626100,15,0.33388007,17.87626100,0.33388007,1.00000000,0.47654962,9.14044600,17.87626100,-0.10208221,0.81274861
q016,doc010_p001,15,10.51996200,16,0.26411003,10.51996200,0.26411003,0.15791497,0.40028410,9.14044600,17.87626100,-0.10208221,0.81274861
q016,doc003_p017,10,11.89481900,17,0.25475422,11.89481900,0.25475422,0.31529663,0.39005729,9.14044600,17.87626100,-0.10208221,0.81274861
q016,doc003_p014,6,12.28319900,18,0.14710429,12.28319900,0.14710429,0.35975499,0.27238533,9.14044600,17.87626100,-0.10208221,0.81274861
q016,doc003_p015,2,15.82329200,19,0.09751026,15.82329200,0.09751026,0.76499399,0.21817418,9.14044600,17.87626100,-0.10208221,0.81274861
q016,doc002_p001,3,15.08507200,20,-0.10208221,15.08507200,-0.10208221,0.68048900,0.00000000,9.14044600,17.87626100,-0.10208221,0.81274861
q017,doc003_p012,9,9.91729600,1,1.72633147,9.91729600,1.72633147,0.25664338,0.99999999,6.90305700,18.64791100,0.17216390,1.72633147
q017,doc003_p013,14,7.65497500,2,1.03907537,7.65497500,1.03907537,0.06402106,0.55779794,6.90305700,18.64791100,0.17216390,1.72633147
q017,doc004_p018,19,6.92817500,3,0.71537137,6.92817500,0.71537137,0.00213864,0.34951667,6.90305700,18.64791100,0.17216390,1.72633147
q017,doc003_p004,8,10.53480500,4,0.54579073,10.53480500,0.54579073,0.30922036,0.24040318,6.90305700,18.64791100,0.17216390,1.72633147
q017,doc006_p019,12,8.26248200,5,0.52067184,8.26248200,0.52067184,0.11574644,0.22424090,6.90305700,18.64791100,0.17216390,1.72633147
q017,doc003_p003,4,12.31718600,6,0.48407167,12.31718600,0.48407167,0.46097882,0.20069121,6.90305700,18.64791100,0.17216390,1.72633147
q017,doc003_p011,13,7.65497500,7,0.46990782,7.65497500,0.46990782,0.06402106,0.19157774,6.90305700,18.64791100,0.17216390,1.72633147
q017,doc003_p022,20,6.90305700,8,0.44554600,6.90305700,0.44554600,0.00000000,0.17590259,6.90305700,18.64791100,0.17216390,1.72633147
q017,doc010_p002,11,8.77777300,9,0.41357827,8.77777300,0.41357827,0.15962020,0.15533355,6.90305700,18.64791100,0.17216390,1.72633147
q017,doc006_p009,15,7.60517000,10,0.39760479,7.60517000,0.39760479,0.05978048,0.14505572,6.90305700,18.64791100,0.17216390,1.72633147
q017,doc006_p003,16,7.34493100,11,0.38925743,7.34493100,0.38925743,0.03762278,0.13968476,6.90305700,18.64791100,0.17216390,1.72633147
q017,doc006_p004,17,7.26100900,12,0.38148403,7.26100900,0.38148403,0.03047735,0.13468311,6.90305700,18.64791100,0.17216390,1.72633147
q017,doc003_p010,7,10.75784100,13,0.33697090,10.75784100,0.33697090,0.32821047,0.10604198,6.90305700,18.64791100,0.17216390,1.72633147
q017,doc003_p029,1,18.64791100,14,0.32081240,18.64791100,0.32081240,1.00000000,0.09564509,6.90305700,18.64791100,0.17216390,1.72633147
q017,doc003_p019,10,9.91729600,15,0.31951284,9.91729600,0.31951284,0.25664338,0.09480891,6.90305700,18.64791100,0.17216390,1.72633147
q017,doc003_p017,5,12.06323300,16,0.27771854,12.06323300,0.27771854,0.43935633,0.06791715,6.90305700,18.64791100,0.17216390,1.72633147
q017,doc007_p002,18,7.02188800,17,0.26386139,7.02188800,0.26386139,0.01011771,0.05900103,6.90305700,18.64791100,0.17216390,1.72633147
q017,doc003_p016,2,14.45816600,18,0.21513385,14.45816600,0.21513385,0.64326972,0.02764821,6.90305700,18.64791100,0.17216390,1.72633147
q017,doc003_p015,6,10.95048000,19,0.17867333,10.95048000,0.17867333,0.34461246,0.00418837,6.90305700,18.64791100,0.17216390,1.72633147
q017,doc003_p014,3,14.14668900,20,0.17216390,14.14668900,0.17216390,0.61674943,0.00000000,6.90305700,18.64791100,0.17216390,1.72633147
q018,doc003_p012,11,12.34609500,1,1.65191793,12.34609500,1.65191793,0.33313684,0.99999999,7.06440000,22.91883100,0.18716890,1.65191793
q018,doc003_p013,5,13.44955100,2,1.00678480,13.44955100,1.00678480,0.40273606,0.55956063,7.06440000,22.91883100,0.18716890,1.65191793
q018,doc003_p004,8,12.92270800,3,0.70179111,12.92270800,0.70179111,0.36950604,0.35133814,7.06440000,22.91883100,0.18716890,1.65191793
q018,doc006_p019,16,8.26248200,4,0.65467489,8.26248200,0.65467489,0.07556764,0.31917139,7.06440000,22.91883100,0.18716890,1.65191793
q018,doc003_p020,10,12.68997900,5,0.63043696,12.68997900,0.63043696,0.35482692,0.30262390,7.06440000,22.91883100,0.18716890,1.65191793
q018,doc003_p003,6,13.33625900,6,0.61010247,13.33625900,0.61010247,0.39559029,0.28874132,7.06440000,22.91883100,0.18716890,1.65191793
q018,doc003_p022,14,8.88474700,7,0.57269651,8.88474700,0.57269651,0.11481629,0.26320387,7.06440000,22.91883100,0.18716890,1.65191793
q018,doc003_p011,4,13.44955100,8,0.52412832,13.44955100,0.52412832,0.40273606,0.23004584,7.06440000,22.91883100,0.18716890,1.65191793
q018,doc010_p002,15,8.77777300,9,0.52057928,8.77777300,0.52057928,0.10806903,0.22762287,7.06440000,22.91883100,0.18716890,1.65191793
q018,doc006_p004,19,7.26100900,10,0.49617070,7.26100900,0.49617070,0.01240089,0.21095887,7.06440000,22.91883100,0.18716890,1.65191793
q018,doc006_p009,17,7.60517000,11,0.47952923,7.60517000,0.47952923,0.03410845,0.19959756,7.06440000,22.91883100,0.18716890,1.65191793
q018,doc006_p003,18,7.34493100,12,0.46794897,7.34493100,0.46794897,0.01769417,0.19169159,7.06440000,22.91883100,0.18716890,1.65191793
q018,doc003_p008,20,7.06440000,13,0.43809277,7.06440000,0.43809277,0.00000000,0.17130844,7.06440000,22.91883100,0.18716890,1.65191793
q018,doc003_p010,7,13.11570900,14,0.41306731,13.11570900,0.41306731,0.38167935,0.15422329,7.06440000,22.91883100,0.18716890,1.65191793
q018,doc003_p029,1,22.91883100,15,0.33144546,22.91883100,0.33144546,1.00000000,0.09849917,7.06440000,22.91883100,0.18716890,1.65191793
q018,doc003_p019,13,12.34609500,16,0.31902203,12.34609500,0.31902203,0.33313684,0.09001756,7.06440000,22.91883100,0.18716890,1.65191793
q018,doc003_p017,2,17.85780900,17,0.29359645,17.85780900,0.29359645,0.68078186,0.07265924,7.06440000,22.91883100,0.18716890,1.65191793
q018,doc003_p016,3,16.88696400,18,0.21658106,16.88696400,0.21658106,0.61954693,0.02008000,7.06440000,22.91883100,0.18716890,1.65191793
q018,doc003_p015,9,12.68997900,19,0.21111691,12.68997900,0.21111691,0.35482692,0.01634957,7.06440000,22.91883100,0.18716890,1.65191793
q018,doc003_p014,12,12.34609500,20,0.18716890,12.34609500,0.18716890,0.33313684,0.00000000,7.06440000,22.91883100,0.18716890,1.65191793
q019,doc003_p012,18,8.05380600,1,1.56236959,8.05380600,1.56236959,0.00000000,0.99999999,8.05380600,25.85552400,0.00988012,1.56236959
q019,doc003_p013,16,8.15244400,2,0.74992210,8.15244400,0.74992210,0.00554093,0.47668083,8.05380600,25.85552400,0.00988012,1.56236959
q019,doc006_p013,2,15.91038500,3,0.72261816,15.91038500,0.72261816,0.44133825,0.45909364,8.05380600,25.85552400,0.00988012,1.56236959
q019,doc003_p004,7,12.54174200,4,0.63405412,12.54174200,0.63405412,0.25210690,0.40204717,8.05380600,25.85552400,0.00988012,1.56236959
q019,doc003_p022,6,12.67014500,5,0.63121510,12.67014500,0.63121510,0.25931986,0.40021848,8.05380600,25.85552400,0.00988012,1.56236959
q019,doc006_p019,11,11.10252800,6,0.60270798,11.10252800,0.60270798,0.17125999,0.38185628,8.05380600,25.85552400,0.00988012,1.56236959
q019,doc006_p016,12,8.84723900,7,0.59908986,8.84723900,0.59908986,0.04457059,0.37952575,8.05380600,25.85552400,0.00988012,1.56236959
q019,doc003_p007,4,13.19295000,8,0.57959026,13.19295000,0.57959026,0.28868809,0.36696554,8.05380600,25.85552400,0.00988012,1.56236959
q019,doc003_p003,5,12.68866800,9,0.55359536,12.68866800,0.55359536,0.26036038,0.35022153,8.05380600,25.85552400,0.00988012,1.56236959
q019,doc003_p018,10,11.10428100,10,0.53832674,11.10428100,0.53832674,0.17135846,0.34038660,8.05380600,25.85552400,0.00988012,1.56236959
q019,doc003_p008,3,14.40199600,11,0.53253204,14.40199600,0.53253204,0.35660547,0.33665408,8.05380600,25.85552400,0.00988012,1.56236959
q019,doc003_p011,15,8.15244400,12,0.51170921,8.15244400,0.51170921,0.00554093,0.32324154,8.05380600,25.85552400,0.00988012,1.56236959
q019,doc003_p020,8,12.36507700,13,0.48222905,12.36507700,0.48222905,0.24218286,0.30425258,8.05380600,25.85552400,0.00988012,1.56236959
q019,doc006_p011,13,8.73971900,14,0.40532270,8.73971900,0.40532270,0.03853072,0.25471514,8.05380600,25.85552400,0.00988012,1.56236959
q019,doc003_p029,1,25.85552400,15,0.30586272,25.85552400,0.30586272,1.00000000,0.19065031,8.05380600,25.85552400,0.00988012,1.56236959
q019,doc003_p019,9,12.02119300,16,0.22743037,12.02119300,0.22743037,0.22286540,0.14012994,8.05380600,25.85552400,0.00988012,1.56236959
q019,doc003_p016,20,8.05380600,17,0.09221648,8.05380600,0.09221648,0.00000000,0.05303505,8.05380600,25.85552400,0.00988012,1.56236959
q019,doc003_p017,17,8.15244400,18,0.07947768,8.15244400,0.07947768,0.00554093,0.04482965,8.05380600,25.85552400,0.00988012,1.56236959
q019,doc003_p015,14,8.39769100,19,0.03825717,8.39769100,0.03825717,0.01931752,0.01827842,8.05380600,25.85552400,0.00988012,1.56236959
q019,doc003_p014,19,8.05380600,20,0.00988012,8.05380600,0.00988012,0.00000000,0.00000000,8.05380600,25.85552400,0.00988012,1.56236959
q020,doc003_p012,14,5.62500700,1,1.24635577,5.62500700,1.24635577,0.05072007,0.99999999,5.20935100,13.40445000,0.39340019,1.24635577
q020,doc005_p006,10,6.12932600,2,0.87007689,6.12932600,0.87007689,0.11225917,0.55885289,5.20935100,13.40445000,0.39340019,1.24635577
q020,doc004_p010,17,5.47649200,3,0.79773158,5.47649200,0.79773158,0.03259765,0.47403569,5.20935100,13.40445000,0.39340019,1.24635577
q020,doc005_p004,6,7.03630600,4,0.79020697,7.03630600,0.79020697,0.22293263,0.46521388,5.20935100,13.40445000,0.39340019,1.24635577
q020,doc003_p020,8,6.39618500,5,0.75331658,6.39618500,0.75331658,0.14482241,0.42196381,5.20935100,13.40445000,0.39340019,1.24635577
q020,doc003_p006,12,5.73497400,6,0.72535765,5.73497400,0.72535765,0.06413870,0.38918493,5.20935100,13.40445000,0.39340019,1.24635577
q020,doc003_p003,5,7.56154600,7,0.70884103,7.56154600,0.70884103,0.28702460,0.36982094,5.20935100,13.40445000,0.39340019,1.24635577
q020,doc006_p019,4,8.72530300,8,0.67592543,8.72530300,0.67592543,0.42903106,0.33123089,5.20935100,13.40445000,0.39340019,1.24635577
q020,doc003_p004,2,10.89154100,9,0.67329353,10.89154100,0.67329353,0.69336441,0.32814527,5.20935100,13.40445000,0.39340019,1.24635577
q020,doc006_p009,9,6.14343900,10,0.62062430,6.14343900,0.62062430,0.11398130,0.26639618,5.20935100,13.40445000,0.39340019,1.24635577
q020,doc003_p022,11,5.74628900,11,0.61465192,5.74628900,0.61465192,0.06551940,0.25939420,5.20935100,13.40445000,0.39340019,1.24635577
q020,doc010_p002,13,5.66062600,12,0.60362643,5.66062600,0.60362643,0.05506645,0.24646798,5.20935100,13.40445000,0.39340019,1.24635577
q020,doc003_p009,19,5.28720000,13,0.57556266,5.28720000,0.57556266,0.00949946,0.21356618,5.20935100,13.40445000,0.39340019,1.24635577
q020,doc003_p029,1,13.40445000,14,0.55331665,13.40445000,0.55331665,1.00000000,0.18748510,5.20935100,13.40445000,0.39340019,1.24635577
q020,doc003_p019,3,9.59239400,15,0.52468538,9.59239400,0.52468538,0.53483710,0.15391797,5.20935100,13.40445000,0.39340019,1.24635577
q020,doc010_p001,20,5.20935100,16,0.51681381,5.20935100,0.51681381,0.00000000,0.14468939,5.20935100,13.40445000,0.39340019,1.24635577
q020,doc003_p010,18,5.46073400,17,0.47603369,5.46073400,0.47603369,0.03067480,0.09687902,5.20935100,13.40445000,0.39340019,1.24635577
q020,doc007_p002,7,6.94890000,18,0.46923894,6.94890000,0.46923894,0.21226699,0.08891289,5.20935100,13.40445000,0.39340019,1.24635577
q020,doc003_p016,16,5.62500700,19,0.44182250,5.62500700,0.44182250,0.05072007,0.05677002,5.20935100,13.40445000,0.39340019,1.24635577
q020,doc003_p014,15,5.62500700,20,0.39340019,5.62500700,0.39340019,0.05072007,0.00000000,5.20935100,13.40445000,0.39340019,1.24635577
q021,doc005_p006,10,6.12932600,1,0.71541464,6.12932600,0.71541464,0.11289325,0.99999998,5.14663700,13.85122300,0.23236617,0.71541464
q021,doc005_p004,6,7.03630600,2,0.68401688,7.03630600,0.68401688,0.21708890,0.93500079,5.14663700,13.85122300,0.23236617,0.71541464
q021,doc004_p010,17,5.47649200,3,0.67055017,5.47649200,0.67055017,0.03789439,0.90712220,5.14663700,13.85122300,0.23236617,0.71541464
q021,doc003_p020,2,9.93627900,4,0.66217601,9.93627900,0.66217601,0.55024351,0.88978613,5.14663700,13.85122300,0.23236617,0.71541464
q021,doc003_p013,13,5.79457600,5,0.65468806,5.79457600,0.65468806,0.07443651,0.87428469,5.14663700,13.85122300,0.23236617,0.71541464
q021,doc003_p006,15,5.73497400,6,0.65367323,5.73497400,0.65367323,0.06758931,0.87218380,5.14663700,13.85122300,0.23236617,0.71541464
q021,doc006_p019,3,8.72530300,7,0.57284468,8.72530300,0.57284468,0.41112420,0.70485370,5.14663700,13.85122300,0.23236617,0.71541464
q021,doc003_p004,4,8.67766900,8,0.56967247,8.67766900,0.56967247,0.40565192,0.69828664,5.14663700,13.85122300,0.23236617,0.71541464
q021,doc003_p003,5,7.76300800,9,0.55253166,7.76300800,0.55253166,0.30057386,0.66280198,5.14663700,13.85122300,0.23236617,0.71541464
q021,doc003_p011,12,5.79457600,10,0.52880687,5.79457600,0.52880687,0.07443651,0.61368726,5.14663700,13.85122300,0.23236617,0.71541464
q021,doc010_p002,16,5.66062600,11,0.47705203,5.66062600,0.47705203,0.05904807,0.50654514,5.14663700,13.85122300,0.23236617,0.71541464
q021,doc006_p009,9,6.14343900,12,0.46358150,6.14343900,0.46358150,0.11451458,0.47865864,5.14663700,13.85122300,0.23236617,0.71541464
q021,doc003_p009,18,5.28720000,13,0.43889922,5.28720000,0.43889922,0.01614815,0.42756174,5.14663700,13.85122300,0.23236617,0.71541464
q021,doc003_p019,8,6.39618500,14,0.40141809,6.39618500,0.40141809,0.14355054,0.34996885,5.14663700,13.85122300,0.23236617,0.71541464
q021,doc003_p029,1,13.85122300,15,0.38114348,13.85122300,0.38114348,1.00000000,0.30799664,5.14663700,13.85122300,0.23236617,0.71541464
q021,doc006_p003,20,5.14663700,16,0.37261349,5.14663700,0.37261349,0.00000000,0.29033798,5.14663700,13.85122300,0.23236617,0.71541464
q021,doc010_p001,19,5.20935100,17,0.36854318,5.20935100,0.36854318,0.00720471,0.28191168,5.14663700,13.85122300,0.23236617,0.71541464
q021,doc003_p017,14,5.79457600,18,0.35778856,5.79457600,0.35778856,0.07443651,0.25964762,5.14663700,13.85122300,0.23236617,0.71541464
q021,doc007_p002,7,6.94890000,19,0.34881973,6.94890000,0.34881973,0.20704753,0.24108048,5.14663700,13.85122300,0.23236617,0.71541464
q021,doc003_p015,11,5.96889200,20,0.23236617,5.96889200,0.23236617,0.09446228,0.00000000,5.14663700,13.85122300,0.23236617,0.71541464
q022,doc004_p019,20,4.22575700,1,0.47787184,4.22575700,0.47787184,0.00000000,0.99999998,4.22575700,13.30248400,0.04872306,0.47787184
q022,doc006_p019,7,6.45408400,2,0.47489345,6.45408400,0.47489345,0.24549896,0.99305975,4.22575700,13.30248400,0.04872306,0.47787184
q022,doc005_p006,15,5.46510700,3,0.47372440,5.46510700,0.47372440,0.13654151,0.99033564,4.22575700,13.30248400,0.04872306,0.47787184
q022,doc006_p013,5,8.41818700,4,0.42258537,8.41818700,0.42258537,0.46188786,0.87117177,4.22575700,13.30248400,0.04872306,0.47787184
q022,doc003_p006,2,10.88195300,5,0.38753349,10.88195300,0.38753349,0.73332557,0.78949408,4.22575700,13.30248400,0.04872306,0.47787184
q022,doc003_p027,8,6.38838700,6,0.36908448,6.38838700,0.36908448,0.23826099,0.74650431,4.22575700,13.30248400,0.04872306,0.47787184
q022,doc003_p026,10,6.23359500,7,0.35711780,6.23359500,0.35711780,0.22120727,0.71861962,4.22575700,13.30248400,0.04872306,0.47787184
q022,doc003_p024,13,6.12564800,8,0.32636923,6.12564800,0.32636923,0.20931455,0.64696948,4.22575700,13.30248400,0.04872306,0.47787184
q022,doc004_p014,4,9.73059500,9,0.31728587,9.73059500,0.31728587,0.60647830,0.62580349,4.22575700,13.30248400,0.04872306,0.47787184
q022,doc003_p023,9,6.23359500,10,0.31494460,6.23359500,0.31494460,0.22120727,0.62034788,4.22575700,13.30248400,0.04872306,0.47787184
q022,doc006_p016,19,4.31206200,11,0.29362437,4.31206200,0.29362437,0.00950838,0.57066760,4.22575700,13.30248400,0.04872306,0.47787184
q022,doc003_p025,11,6.16568700,12,0.24994856,6.16568700,0.24994856,0.21372572,0.46889448,4.22575700,13.30248400,0.04872306,0.47787184
q022,doc003_p022,3,10.72102900,13,0.24240923,10.72102900,0.24240923,0.71559627,0.45132638,4.22575700,13.30248400,0.04872306,0.47787184
q022,doc004_p015,17,4.55900700,14,0.23371857,4.55900700,0.23371857,0.03671478,0.43107546,4.22575700,13.30248400,0.04872306,0.47787184
q022,doc010_p002,14,5.66062600,15,0.22151548,5.66062600,0.22151548,0.15808220,0.40263989,4.22575700,13.30248400,0.04872306,0.47787184
q022,doc006_p011,6,7.37334100,16,0.21753950,7.37334100,0.21753950,0.34677522,0.39337508,4.22575700,13.30248400,0.04872306,0.47787184
q022,doc003_p029,1,13.30248400,17,0.20564002,13.30248400,0.20564002,1.00000000,0.36564698,4.22575700,13.30248400,0.04872306,0.47787184
q022,doc006_p009,12,6.14343900,18,0.19130680,6.14343900,0.19130680,0.21127461,0.33224780,4.22575700,13.30248400,0.04872306,0.47787184
q022,doc005_p009,16,4.61154800,19,0.16254857,4.61154800,0.16254857,0.04250332,0.26523554,4.22575700,13.30248400,0.04872306,0.47787184
q022,doc007_p002,18,4.52828800,20,0.04872306,4.52828800,0.04872306,0.03333041,0.00000000,4.22575700,13.30248400,0.04872306,0.47787184
q023,doc006_p019,7,6.45408400,1,0.45989919,6.45408400,0.45989919,0.24549896,0.99999998,4.22575700,13.30248400,-0.04329963,0.45989919
q023,doc005_p006,15,5.46510700,2,0.39610308,5.46510700,0.39610308,0.13654151,0.87321886,4.22575700,13.30248400,-0.04329963,0.45989919
q023,doc003_p006,2,10.88195300,3,0.35387319,10.88195300,0.35387319,0.73332557,0.78929599,4.22575700,13.30248400,-0.04329963,0.45989919
q023,doc004_p019,20,4.22575700,4,0.34267238,4.22575700,0.34267238,0.00000000,0.76703678,4.22575700,13.30248400,-0.04329963,0.45989919
q023,doc006_p013,5,8.41818700,5,0.32102180,8.41818700,0.32102180,0.46188786,0.72401088,4.22575700,13.30248400,-0.04329963,0.45989919
q023,doc004_p014,4,9.73059500,6,0.30818561,9.73059500,0.30818561,0.60647830,0.69850170,4.22575700,13.30248400,-0.04329963,0.45989919
q023,doc003_p027,8,6.38838700,7,0.27261180,6.38838700,0.27261180,0.23826099,0.62780637,4.22575700,13.30248400,-0.04329963,0.45989919
q023,doc003_p026,10,6.23359500,8,0.24910313,6.23359500,0.24910313,0.22120727,0.58108792,4.22575700,13.30248400,-0.04329963,0.45989919
q023,doc004_p015,17,4.55900700,9,0.24189207,4.55900700,0.24189207,0.03671478,0.56675748,4.22575700,13.30248400,-0.04329963,0.45989919
q023,doc003_p024,13,6.12564800,10,0.23054406,6.12564800,0.23054406,0.20931455,0.54420574,4.22575700,13.30248400,-0.04329963,0.45989919
q023,doc003_p023,9,6.23359500,11,0.19552615,6.23359500,0.19552615,0.22120727,0.47461513,4.22575700,13.30248400,-0.04329963,0.45989919
q023,doc006_p016,19,4.31206200,12,0.19001922,4.31206200,0.19001922,0.00950838,0.46367129,4.22575700,13.30248400,-0.04329963,0.45989919
q023,doc006_p011,6,7.37334100,13,0.16982156,7.37334100,0.16982156,0.34677522,0.42353276,4.22575700,13.30248400,-0.04329963,0.45989919
q023,doc003_p025,11,6.16568700,14,0.16436544,6.16568700,0.16436544,0.21372572,0.41268989,4.22575700,13.30248400,-0.04329963,0.45989919
q023,doc003_p022,3,10.72102900,15,0.15740255,10.72102900,0.15740255,0.71559627,0.39885264,4.22575700,13.30248400,-0.04329963,0.45989919
q023,doc003_p029,1,13.30248400,16,0.13796216,13.30248400,0.13796216,1.00000000,0.36021902,4.22575700,13.30248400,-0.04329963,0.45989919
q023,doc010_p002,14,5.66062600,17,0.13121623,5.66062600,0.13121623,0.15808220,0.34681293,4.22575700,13.30248400,-0.04329963,0.45989919
q023,doc006_p009,12,6.14343900,18,0.10725026,6.14343900,0.10725026,0.21127461,0.29918569,4.22575700,13.30248400,-0.04329963,0.45989919
q023,doc005_p009,16,4.61154800,19,0.06662254,4.61154800,0.06662254,0.04250332,0.21844679,4.22575700,13.30248400,-0.04329963,0.45989919
q023,doc007_p002,18,4.52828800,20,-0.04329963,4.52828800,-0.04329963,0.03333041,0.00000000,4.22575700,13.30248400,-0.04329963,0.45989919
q024,doc005_p004,15,6.04127200,1,0.80705237,6.04127200,0.80705237,0.18241473,0.99999998,4.54532400,12.74613100,0.14980429,0.80705237
q024,doc006_p019,9,6.45408400,2,0.79433376,6.45408400,0.79433376,0.23275270,0.98064868,4.54532400,12.74613100,0.14980429,0.80705237
q024,doc003_p006,4,10.88195300,3,0.72488707,10.88195300,0.72488707,0.77268359,0.87498585,4.54532400,12.74613100,0.14980429,0.80705237
q024,doc005_p006,8,6.92012800,4,0.59956384,6.92012800,0.59956384,0.28958174,0.68430712,4.54532400,12.74613100,0.14980429,0.80705237
q024,doc006_p013,16,5.66819700,5,0.55320227,5.66819700,0.55320227,0.13692226,0.61376820,4.54532400,12.74613100,0.14980429,0.80705237
q024,doc004_p018,19,4.80673400,6,0.44177982,4.80673400,0.44177982,0.03187613,0.44423945,4.54532400,12.74613100,0.14980429,0.80705237
q024,doc004_p014,6,9.73059500,7,0.43510145,9.73059500,0.43510145,0.63228789,0.43407834,4.54532400,12.74613100,0.14980429,0.80705237
q024,doc009_p003,20,4.54532400,8,0.43284556,4.54532400,0.43284556,0.00000000,0.43064601,4.54532400,12.74613100,0.14980429,0.80705237
q024,doc003_p004,7,9.18517400,9,0.42226058,9.18517400,0.42226058,0.56577968,0.41454101,4.54532400,12.74613100,0.14980429,0.80705237
q024,doc003_p027,10,6.38838700,10,0.39522055,6.38838700,0.39522055,0.22474166,0.37339973,4.54532400,12.74613100,0.14980429,0.80705237
q024,doc003_p026,12,6.23359500,11,0.37070945,6.23359500,0.37070945,0.20586645,0.33610620,4.54532400,12.74613100,0.14980429,0.80705237
q024,doc003_p024,3,11.79799100,12,0.33804607,11.79799100,0.33804607,0.88438455,0.28640902,4.54532400,12.74613100,0.14980429,0.80705237
q024,doc003_p023,11,6.23359500,13,0.32156685,6.23359500,0.32156685,0.20586645,0.26133596,4.54532400,12.74613100,0.14980429,0.80705237
q024,doc003_p029,1,12.74613100,14,0.30228102,12.74613100,0.30228102,1.00000000,0.23199266,4.54532400,12.74613100,0.14980429,0.80705237
q024,doc003_p025,2,11.87510600,15,0.26295924,11.87510600,0.26295924,0.89378789,0.17216475,4.54532400,12.74613100,0.14980429,0.80705237
q024,doc006_p009,14,6.14343900,16,0.25048324,6.14343900,0.25048324,0.19487289,0.15318257,4.54532400,12.74613100,0.14980429,0.80705237
q024,doc006_p003,18,5.14663700,17,0.24763379,5.14663700,0.24763379,0.07332364,0.14884714,4.54532400,12.74613100,0.14980429,0.80705237
q024,doc010_p002,17,5.66062600,18,0.23261797,5.66062600,0.23261797,0.13599905,0.12600064,4.54532400,12.74613100,0.14980429,0.80705237
q024,doc003_p022,5,10.72102900,19,0.20142782,10.72102900,0.20142782,0.75306064,0.07854497,4.54532400,12.74613100,0.14980429,0.80705237
q024,doc006_p004,13,6.17287700,20,0.14980429,6.17287700,0.14980429,0.19846254,0.00000000,4.54532400,12.74613100,0.14980429,0.80705237
q025,doc006_p019,6,6.45408400,1,0.62507969,6.45408400,0.62507969,0.27664999,0.99999998,4.04764900,12.74613100,0.07095885,0.62507969
q025,doc005_p004,13,6.04127200,2,0.57065445,6.04127200,0.57065445,0.22919206,0.90178090,4.04764900,12.74613100,0.07095885,0.62507969
q025,doc003_p006,2,10.88195300,3,0.55140287,10.88195300,0.55140287,0.78568927,0.86703834,4.04764900,12.74613100,0.07095885,0.62507969
q025,doc005_p006,5,6.92012800,4,0.48209625,6.92012800,0.48209625,0.33022762,0.74196342,4.04764900,12.74613100,0.07095885,0.62507969
q025,doc004_p014,4,9.73059500,5,0.42231658,9.73059500,0.42231658,0.65332618,0.63408141,4.04764900,12.74613100,0.07095885,0.62507969
q025,doc006_p013,15,5.66819700,6,0.38243783,5.66819700,0.38243783,0.18630239,0.56211381,4.04764900,12.74613100,0.07095885,0.62507969
q025,doc003_p004,14,5.77248900,7,0.37417850,5.77248900,0.37417850,0.19829207,0.54720852,4.04764900,12.74613100,0.07095885,0.62507969
q025,doc003_p027,7,6.38838700,8,0.32155415,6.38838700,0.32155415,0.26909730,0.45223943,4.04764900,12.74613100,0.07095885,0.62507969
q025,doc003_p026,9,6.23359500,9,0.31048906,6.23359500,0.31048906,0.25130201,0.43227070,4.04764900,12.74613100,0.07095885,0.62507969
q025,doc003_p024,12,6.12564800,10,0.29245043,6.12564800,0.29245043,0.23889214,0.39971710,4.04764900,12.74613100,0.07095885,0.62507969
q025,doc006_p016,19,4.31206200,11,0.27975106,4.31206200,0.27975106,0.03039760,0.37679905,4.04764900,12.74613100,0.07095885,0.62507969
q025,doc003_p023,8,6.23359500,12,0.26589820,6.23359500,0.26589820,0.25130201,0.35179934,4.04764900,12.74613100,0.07095885,0.62507969
q025,doc003_p029,1,12.74613100,13,0.26463664,12.74613100,0.26463664,1.00000000,0.34952265,4.04764900,12.74613100,0.07095885,0.62507969
q025,doc003_p025,10,6.16568700,14,0.24705130,6.16568700,0.24705130,0.24349513,0.31778709,4.04764900,12.74613100,0.07095885,0.62507969
q025,doc006_p009,11,6.14343900,15,0.23656520,6.14343900,0.23656520,0.24093744,0.29886324,4.04764900,12.74613100,0.07095885,0.62507969
q025,doc010_p002,16,5.66062600,16,0.22793317,5.66062600,0.22793317,0.18543201,0.28328535,4.04764900,12.74613100,0.07095885,0.62507969
q025,doc006_p003,17,5.14663700,17,0.22763431,5.14663700,0.22763431,0.12634250,0.28274601,4.04764900,12.74613100,0.07095885,0.62507969
q025,doc005_p009,20,4.04764900,18,0.22619376,4.04764900,0.22619376,0.00000000,0.28014631,4.04764900,12.74613100,0.07095885,0.62507969
q025,doc003_p022,3,10.72102900,19,0.20956740,10.72102900,0.20956740,0.76718903,0.25014137,4.04764900,12.74613100,0.07095885,0.62507969
q025,doc007_p002,18,4.52828800,20,0.07095885,4.52828800,0.07095885,0.05525550,0.00000000,4.04764900,12.74613100,0.07095885,0.62507969
q026,doc006_p019,7,6.45408400,1,0.57867813,6.45408400,0.57867813,0.24549896,0.99999998,4.22575700,13.30248400,0.08859451,0.57867813
q026,doc004_p019,20,4.22575700,2,0.50565076,4.22575700,0.50565076,0.00000000,0.85098996,4.22575700,13.30248400,0.08859451,0.57867813
q026,doc005_p006,15,5.46510700,3,0.50331008,5.46510700,0.50331008,0.13654151,0.84621388,4.22575700,13.30248400,0.08859451,0.57867813
q026,doc003_p006,2,10.88195300,4,0.45863181,10.88195300,0.45863181,0.73332557,0.75504930,4.22575700,13.30248400,0.08859451,0.57867813
q026,doc006_p013,5,8.41818700,5,0.43555754,8.41818700,0.43555754,0.46188786,0.70796699,4.22575700,13.30248400,0.08859451,0.57867813
q026,doc003_p027,8,6.38838700,6,0.42145532,6.38838700,0.42145532,0.23826099,0.67919186,4.22575700,13.30248400,0.08859451,0.57867813
q026,doc003_p026,10,6.23359500,7,0.41913849,6.23359500,0.41913849,0.22120727,0.67446444,4.22575700,13.30248400,0.08859451,0.57867813
q026,doc004_p014,4,9.73059500,8,0.38897943,9.73059500,0.38897943,0.60647830,0.61292584,4.22575700,13.30248400,0.08859451,0.57867813
q026,doc003_p024,13,6.12564800,9,0.38397929,6.12564800,0.38397929,0.20931455,0.60272321,4.22575700,13.30248400,0.08859451,0.57867813
q026,doc003_p023,9,6.23359500,10,0.38301989,6.23359500,0.38301989,0.22120727,0.60076559,4.22575700,13.30248400,0.08859451,0.57867813
q026,doc006_p016,19,4.31206200,11,0.32645175,4.31206200,0.32645175,0.00950838,0.48534010,4.22575700,13.30248400,0.08859451,0.57867813
q026,doc003_p022,3,10.72102900,12,0.31098300,10.72102900,0.31098300,0.71559627,0.45377661,4.22575700,13.30248400,0.08859451,0.57867813
q026,doc003_p025,11,6.16568700,13,0.30782670,6.16568700,0.30782670,0.21372572,0.44733628,4.22575700,13.30248400,0.08859451,0.57867813
q026,doc006_p011,6,7.37334100,14,0.28938878,7.37334100,0.28938878,0.34677522,0.40971430,4.22575700,13.30248400,0.08859451,0.57867813
q026,doc010_p002,14,5.66062600,15,0.27817014,5.66062600,0.27817014,0.15808220,0.38682302,4.22575700,13.30248400,0.08859451,0.57867813
q026,doc003_p029,1,13.30248400,16,0.26554650,13.30248400,0.26554650,1.00000000,0.36106489,4.22575700,13.30248400,0.08859451,0.57867813
q026,doc004_p015,17,4.55900700,17,0.26512617,4.55900700,0.26512617,0.03671478,0.36020722,4.22575700,13.30248400,0.08859451,0.57867813
q026,doc006_p009,12,6.14343900,18,0.25673780,6.14343900,0.25673780,0.21127461,0.34309101,4.22575700,13.30248400,0.08859451,0.57867813
q026,doc005_p009,16,4.61154800,19,0.20479372,4.61154800,0.20479372,0.04250332,0.23710078,4.22575700,13.30248400,0.08859451,0.57867813
q026,doc007_p002,18,4.52828800,20,0.08859451,4.52828800,0.08859451,0.03333041,0.00000000,4.22575700,13.30248400,0.08859451,0.57867813
q027,doc006_p019,7,6.45408400,1,0.56449348,6.45408400,0.56449348,0.24549896,0.99999998,4.22575700,13.30248400,0.00178274,0.56449348
q027,doc005_p006,15,5.46510700,2,0.42968914,5.46510700,0.42968914,0.13654151,0.76043758,4.22575700,13.30248400,0.00178274,0.56449348
q027,doc003_p006,2,10.88195300,3,0.42834231,10.88195300,0.42834231,0.73332557,0.75804411,4.22575700,13.30248400,0.00178274,0.56449348
q027,doc004_p014,4,9.73059500,4,0.37693396,9.73059500,0.37693396,0.60647830,0.66668572,4.22575700,13.30248400,0.00178274,0.56449348
q027,doc004_p019,20,4.22575700,5,0.37237269,4.22575700,0.37237269,0.00000000,0.65857983,4.22575700,13.30248400,0.00178274,0.56449348
q027,doc003_p027,8,6.38838700,6,0.33223996,6.38838700,0.33223996,0.23826099,0.58725948,4.22575700,13.30248400,0.00178274,0.56449348
q027,doc006_p013,5,8.41818700,7,0.33070379,8.41818700,0.33070379,0.46188786,0.58452953,4.22575700,13.30248400,0.00178274,0.56449348
q027,doc003_p026,10,6.23359500,8,0.31398565,6.23359500,0.31398565,0.22120727,0.55481952,4.22575700,13.30248400,0.00178274,0.56449348
q027,doc003_p024,13,6.12564800,9,0.29833230,6.12564800,0.29833230,0.20931455,0.52700177,4.22575700,13.30248400,0.00178274,0.56449348
q027,doc004_p015,17,4.55900700,10,0.27252004,4.55900700,0.27252004,0.03671478,0.48113049,4.22575700,13.30248400,0.00178274,0.56449348
q027,doc003_p023,9,6.23359500,11,0.26546425,6.23359500,0.26546425,0.22120727,0.46859156,4.22575700,13.30248400,0.00178274,0.56449348
q027,doc006_p011,6,7.37334100,12,0.23816568,7.37334100,0.23816568,0.34677522,0.42007895,4.22575700,13.30248400,0.00178274,0.56449348
q027,doc003_p022,3,10.72102900,13,0.22694567,10.72102900,0.22694567,0.71559627,0.40013973,4.22575700,13.30248400,0.00178274,0.56449348
q027,doc006_p016,19,4.31206200,14,0.22602364,4.31206200,0.22602364,0.00950838,0.39850118,4.22575700,13.30248400,0.00178274,0.56449348
q027,doc003_p025,11,6.16568700,15,0.22588763,6.16568700,0.22588763,0.21372572,0.39825948,4.22575700,13.30248400,0.00178274,0.56449348
q027,doc003_p029,1,13.30248400,16,0.19639367,13.30248400,0.19639367,1.00000000,0.34584541,4.22575700,13.30248400,0.00178274,0.56449348
q027,doc010_p002,14,5.66062600,17,0.19042166,5.66062600,0.19042166,0.15808220,0.33523248,4.22575700,13.30248400,0.00178274,0.56449348
q027,doc006_p009,12,6.14343900,18,0.17350143,6.14343900,0.17350143,0.21127461,0.30516334,4.22575700,13.30248400,0.00178274,0.56449348
q027,doc005_p009,16,4.61154800,19,0.11247863,4.61154800,0.11247863,0.04250332,0.19671899,4.22575700,13.30248400,0.00178274,0.56449348
q027,doc007_p002,18,4.52828800,20,0.00178274,4.52828800,0.00178274,0.03333041,0.00000000,4.22575700,13.30248400,0.00178274,0.56449348
q028,doc001_p002,19,11.75313500,1,0.77112424,11.75313500,0.77112424,0.03044132,0.99999999,11.52313600,19.07862200,-0.01587953,0.77112424
q028,doc004_p003,3,17.33865500,2,0.64088619,17.33865500,0.64088619,0.76970813,0.83451406,11.52313600,19.07862200,-0.01587953,0.77112424
q028,doc004_p010,4,16.66565500,3,0.61764675,16.66565500,0.61764675,0.68063378,0.80498505,11.52313600,19.07862200,-0.01587953,0.77112424
q028,doc004_p014,13,12.46901700,4,0.61098516,12.46901700,0.61098516,0.12519128,0.79652056,11.52313600,19.07862200,-0.01587953,0.77112424
q028,doc005_p004,12,12.88766500,5,0.57094854,12.88766500,0.57094854,0.18060109,0.74564835,11.52313600,19.07862200,-0.01587953,0.77112424
q028,doc004_p019,20,11.52313600,6,0.53901947,11.52313600,0.53901947,0.00000000,0.70507793,11.52313600,19.07862200,-0.01587953,0.77112424
q028,doc004_p015,5,15.57281600,7,0.50837123,15.57281600,0.50837123,0.53599199,0.66613500,11.52313600,19.07862200,-0.01587953,0.77112424
q028,doc005_p006,1,19.07862200,8,0.50422668,19.07862200,0.50422668,1.00000000,0.66086876,11.52313600,19.07862200,-0.01587953,0.77112424
q028,doc004_p005,7,15.18873500,9,0.48562717,15.18873500,0.48562717,0.48515727,0.63723544,11.52313600,19.07862200,-0.01587953,0.77112424
q028,doc006_p019,18,11.78659100,10,0.46918207,11.78659100,0.46918207,0.03486937,0.61633961,11.52313600,19.07862200,-0.01587953,0.77112424
q028,doc006_p016,9,13.93123100,11,0.45878369,13.93123100,0.45878369,0.31872139,0.60312699,11.52313600,19.07862200,-0.01587953,0.77112424
q028,doc006_p013,6,15.36161200,12,0.45840839,15.36161200,0.45840839,0.50803826,0.60265012,11.52313600,19.07862200,-0.01587953,0.77112424
q028,doc004_p018,10,13.73754800,13,0.45315069,13.73754800,0.45315069,0.29308664,0.59596946,11.52313600,19.07862200,-0.01587953,0.77112424
q028,doc007_p001,16,12.02410800,14,0.27542382,12.02410800,0.27542382,0.06630573,0.37014225,11.52313600,19.07862200,-0.01587953,0.77112424
q028,doc005_p001,17,12.01194300,15,0.27226007,12.01194300,0.27226007,0.06469564,0.36612226,11.52313600,19.07862200,-0.01587953,0.77112424
q028,doc005_p009,11,12.96364000,16,0.25348836,12.96364000,0.25348836,0.19065670,0.34227013,11.52313600,19.07862200,-0.01587953,0.77112424
q028,doc006_p006,14,12.37341000,17,0.20393102,12.37341000,0.20393102,0.11253730,0.27930050,11.52313600,19.07862200,-0.01587953,0.77112424
q028,doc001_p004,15,12.21785300,18,0.19263458,12.21785300,0.19263458,0.09194868,0.26494677,11.52313600,19.07862200,-0.01587953,0.77112424
q028,doc010_p001,8,14.27885000,19,0.16794848,14.27885000,0.16794848,0.36473021,0.23357958,11.52313600,19.07862200,-0.01587953,0.77112424
q028,doc002_p001,2,18.91407500,20,-0.01587953,18.91407500,-0.01587953,0.97822152,0.00000000,11.52313600,19.07862200,-0.01587953,0.77112424
q029,doc004_p019,9,14.91229200,1,0.91934991,14.91229200,0.91934991,0.20759832,0.99999999,13.23935200,21.29789500,-0.06066485,0.91934991
q029,doc004_p015,14,14.52681700,2,0.91493046,14.52681700,0.91493046,0.15976399,0.99549041,13.23935200,21.29789500,-0.06066485,0.91934991
q029,doc004_p014,8,14.99220500,3,0.87512755,14.99220500,0.87512755,0.21751488,0.95487581,13.23935200,21.29789500,-0.06066485,0.91934991
q029,doc005_p006,4,15.78211400,4,0.85932404,15.78211400,0.85932404,0.31553620,0.93875003,13.23935200,21.29789500,-0.06066485,0.91934991
q029,doc004_p003,20,13.23935200,5,0.81941247,13.23935200,0.81941247,0.00000000,0.89802455,13.23935200,21.29789500,-0.06066485,0.91934991
q029,doc006_p013,5,15.65881500,6,0.79207003,15.65881500,0.79207003,0.30023579,0.87012452,13.23935200,21.29789500,-0.06066485,0.91934991
q029,doc006_p016,19,14.04268800,7,0.70560247,14.04268800,0.70560247,0.09968750,0.78189364,13.23935200,21.29789500,-0.06066485,0.91934991
q029,doc006_p002,17,14.41784700,8,0.68982244,14.41784700,0.68982244,0.14624170,0.76579182,13.23935200,21.29789500,-0.06066485,0.91934991
q029,doc003_p003,6,15.59383400,9,0.65371716,15.59383400,0.65371716,0.29217217,0.72895025,13.23935200,21.29789500,-0.06066485,0.91934991
q029,doc009_p003,18,14.32962900,10,0.64466208,14.32962900,0.64466208,0.13529456,0.71971051,13.23935200,21.29789500,-0.06066485,0.91934991
q029,doc003_p028,10,14.83414500,11,0.54083377,14.83414500,0.54083377,0.19790091,0.61376485,13.23935200,21.29789500,-0.06066485,0.91934991
q029,doc003_p022,2,18.93152000,12,0.51922005,18.93152000,0.51922005,0.70635200,0.59171037,13.23935200,21.29789500,-0.06066485,0.91934991
q029,doc007_p001,12,14.73042100,13,0.49987254,14.73042100,0.49987254,0.18502960,0.57196831,13.23935200,21.29789500,-0.06066485,0.91934991
q029,doc005_p009,11,14.83162900,14,0.48122981,14.83162900,0.48122981,0.19758870,0.55294540,13.23935200,21.29789500,-0.06066485,0.91934991
q029,doc003_p010,3,17.61642600,15,0.43690664,17.61642600,0.43690664,0.54315948,0.50771836,13.23935200,21.29789500,-0.06066485,0.91934991
q029,doc003_p011,15,14.51356000,16,0.40551263,14.51356000,0.40551263,0.15811891,0.47568414,13.23935200,21.29789500,-0.06066485,0.91934991
q029,doc003_p009,7,15.01978100,17,0.33606219,15.01978100,0.33606219,0.22093684,0.40481741,13.23935200,21.29789500,-0.06066485,0.91934991
q029,doc010_p001,13,14.65915000,18,0.25899503,14.65915000,0.25899503,0.17618545,0.32617864,13.23935200,21.29789500,-0.06066485,0.91934991
q029,doc003_p029,1,21.29789500,19,0.08847598,21.29789500,0.08847598,1.00000000,0.15218223,13.23935200,21.29789500,-0.06066485,0.91934991
q029,doc002_p001,16,14.46568600,20,-0.06066485,14.46568600,-0.06066485,0.15217813,0.00000000,13.23935200,21.29789500,-0.06066485,0.91934991
q030,doc005_p004,19,8.93577200,1,0.76724422,8.93577200,0.76724422,0.00900845,0.99999999,8.83213000,20.33710400,-0.07337316,0.76724422
q030,doc004_p019,17,9.16508000,2,0.62389624,9.16508000,0.62389624,0.02893966,0.82947297,8.83213000,20.33710400,-0.07337316,0.76724422
q030,doc005_p006,12,9.54390800,3,0.58711588,9.54390800,0.58711588,0.06186698,0.78571898,8.83213000,20.33710400,-0.07337316,0.76724422
q030,doc004_p010,5,11.32723800,4,0.54063243,11.32723800,0.54063243,0.21687211,0.73042218,8.83213000,20.33710400,-0.07337316,0.76724422
q030,doc003_p003,3,11.48870200,5,0.52086562,11.48870200,0.52086562,0.23090639,0.70690755,8.83213000,20.33710400,-0.07337316,0.76724422
q030,doc005_p002,7,10.51327500,6,0.49840325,10.51327500,0.49840325,0.14612332,0.68018627,8.83213000,20.33710400,-0.07337316,0.76724422
q030,doc003_p006,20,8.83213000,7,0.47899687,8.83213000,0.47899687,0.00000000,0.65710041,8.83213000,20.33710400,-0.07337316,0.76724422
q030,doc006_p013,13,9.39821500,8,0.44680825,9.39821500,0.44680825,0.04920350,0.61880877,8.83213000,20.33710400,-0.07337316,0.76724422
q030,doc006_p003,18,9.14044600,9,0.33583060,9.14044600,0.33583060,0.02679850,0.48678955,8.83213000,20.33710400,-0.07337316,0.76724422
q030,doc006_p019,6,10.53646000,10,0.33372256,10.53646000,0.33372256,0.14813854,0.48428182,8.83213000,20.33710400,-0.07337316,0.76724422
q030,doc005_p009,8,10.39891800,11,0.32782769,10.39891800,0.32782769,0.13618353,0.47726927,8.83213000,20.33710400,-0.07337316,0.76724422
q030,doc003_p011,10,9.90045300,12,0.32224056,9.90045300,0.32224056,0.09285749,0.47062281,8.83213000,20.33710400,-0.07337316,0.76724422
q030,doc003_p022,14,9.27822200,13,0.31595600,9.27822200,0.31595600,0.03877384,0.46314669,8.83213000,20.33710400,-0.07337316,0.76724422
q030,doc007_p001,15,9.19723100,14,0.27517918,9.19723100,0.27517918,0.03173419,0.41463851,8.83213000,20.33710400,-0.07337316,0.76724422
q030,doc005_p001,11,9.64107000,15,0.27051446,9.64107000,0.27051446,0.07031220,0.40908935,8.83213000,20.33710400,-0.07337316,0.76724422
q030,doc003_p008,9,10.16843000,16,0.25450775,10.16843000,0.25450775,0.11614976,0.39004774,8.83213000,20.33710400,-0.07337316,0.76724422
q030,doc003_p009,16,9.17015300,17,0.16340396,9.17015300,0.16340396,0.02938060,0.28167050,8.83213000,20.33710400,-0.07337316,0.76724422
q030,doc010_p001,4,11.47753400,18,0.13047728,11.47753400,0.13047728,0.22993568,0.24250086,8.83213000,20.33710400,-0.07337316,0.76724422
q030,doc003_p029,1,20.33710400,19,-0.03356832,20.33710400,-0.03356832,1.00000000,0.04735191,8.83213000,20.33710400,-0.07337316,0.76724422
q030,doc002_p001,2,16.51667800,20,-0.07337316,16.51667800,-0.07337316,0.66793267,0.00000000,8.83213000,20.33710400,-0.07337316,0.76724422
