run_name,query_id,hit@10,rr@10,ndcg@10,first_rel_rank,num_returned,N,M,Compression,Index Size MB,Latency ms/query
w6_N10_M8_none,q001,1.0,0.14285714285714285,0.3333333333333333,7.0,10,10,8,None,1.578125,4.872377713521321
w6_N10_M8_none,q002,1.0,1.0,1.0,1.0,10,10,8,None,1.578125,4.872377713521321
w6_N10_M8_none,q003,1.0,0.1,0.2890648263178879,10.0,10,10,8,None,1.578125,4.872377713521321
w6_N10_M8_none,q004,1.0,0.1,0.2890648263178879,10.0,10,10,8,None,1.578125,4.872377713521321
w6_N10_M8_none,q005,0.0,0.0,0.0,,10,10,8,None,1.578125,4.872377713521321
w6_N10_M8_none,q006,0.0,0.0,0.0,,10,10,8,None,1.578125,4.872377713521321
w6_N10_M8_none,q007,0.0,0.0,0.0,,10,10,8,None,1.578125,4.872377713521321
w6_N10_M8_none,q008,0.0,0.0,0.0,,10,10,8,None,1.578125,4.872377713521321
w6_N10_M8_none,q009,0.0,0.0,0.0,,10,10,8,None,1.578125,4.872377713521321
w6_N10_M8_none,q010,0.0,0.0,0.0,,10,10,8,None,1.578125,4.872377713521321
w6_N10_M8_none,q011,0.0,0.0,0.0,,10,10,8,None,1.578125,4.872377713521321
w6_N10_M8_none,q012,0.0,0.0,0.0,,10,10,8,None,1.578125,4.872377713521321
w6_N10_M8_none,q013,0.0,0.0,0.0,,10,10,8,None,1.578125,4.872377713521321
w6_N10_M8_none,q014,0.0,0.0,0.0,,10,10,8,None,1.578125,4.872377713521321
w6_N10_M8_none,q015,0.0,0.0,0.0,,10,10,8,None,1.578125,4.872377713521321
w6_N10_M8_none,q016,0.0,0.0,0.0,,10,10,8,None,1.578125,4.872377713521321
w6_N10_M8_none,q017,0.0,0.0,0.0,,10,10,8,None,1.578125,4.872377713521321
w6_N10_M8_none,q018,0.0,0.0,0.0,,10,10,8,None,1.578125,4.872377713521321
w6_N10_M8_none,q019,0.0,0.0,0.0,,10,10,8,None,1.578125,4.872377713521321
w6_N10_M8_none,q020,0.0,0.0,0.0,,10,10,8,None,1.578125,4.872377713521321
w6_N10_M8_none,q021,0.0,0.0,0.0,,10,10,8,None,1.578125,4.872377713521321
w6_N10_M8_none,q022,1.0,0.1111111111111111,0.3010299956639812,9.0,10,10,8,None,1.578125,4.872377713521321
w6_N10_M8_none,q023,0.0,0.0,0.0,,10,10,8,None,1.578125,4.872377713521321
w6_N10_M8_none,q024,1.0,0.16666666666666666,0.3562071871080222,6.0,10,10,8,None,1.578125,4.872377713521321
w6_N10_M8_none,q025,1.0,1.0,1.0,1.0,10,10,8,None,1.578125,4.872377713521321
w6_N10_M8_none,q026,0.0,0.0,0.0,,10,10,8,None,1.578125,4.872377713521321
w6_N10_M8_none,q027,0.0,0.0,0.0,,10,10,8,None,1.578125,4.872377713521321
w6_N10_M8_none,q028,1.0,0.1,0.17723928678404774,10.0,10,10,8,None,1.578125,4.872377713521321
w6_N10_M8_none,q029,0.0,0.0,0.0,,10,10,8,None,1.578125,4.872377713521321
w6_N10_M8_none,q030,0.0,0.0,0.0,,10,10,8,None,1.578125,4.872377713521321
w6_N10_M8_pq,q001,1.0,0.2,0.38685280723454163,5.0,10,10,8,PQ,0.00616455078125,4.895973205566406
w6_N10_M8_pq,q002,1.0,0.125,0.31546487678572877,8.0,10,10,8,PQ,0.00616455078125,4.895973205566406
w6_N10_M8_pq,q003,1.0,0.1,0.2890648263178879,10.0,10,10,8,PQ,0.00616455078125,4.895973205566406
w6_N10_M8_pq,q004,1.0,0.1111111111111111,0.3010299956639812,9.0,10,10,8,PQ,0.00616455078125,4.895973205566406
w6_N10_M8_pq,q005,0.0,0.0,0.0,,10,10,8,PQ,0.00616455078125,4.895973205566406
w6_N10_M8_pq,q006,0.0,0.0,0.0,,10,10,8,PQ,0.00616455078125,4.895973205566406
w6_N10_M8_pq,q007,0.0,0.0,0.0,,10,10,8,PQ,0.00616455078125,4.895973205566406
w6_N10_M8_pq,q008,0.0,0.0,0.0,,10,10,8,PQ,0.00616455078125,4.895973205566406
w6_N10_M8_pq,q009,0.0,0.0,0.0,,10,10,8,PQ,0.00616455078125,4.895973205566406
w6_N10_M8_pq,q010,0.0,0.0,0.0,,10,10,8,PQ,0.00616455078125,4.895973205566406
w6_N10_M8_pq,q011,0.0,0.0,0.0,,10,10,8,PQ,0.00616455078125,4.895973205566406
w6_N10_M8_pq,q012,0.0,0.0,0.0,,10,10,8,PQ,0.00616455078125,4.895973205566406
w6_N10_M8_pq,q013,0.0,0.0,0.0,,10,10,8,PQ,0.00616455078125,4.895973205566406
w6_N10_M8_pq,q014,0.0,0.0,0.0,,10,10,8,PQ,0.00616455078125,4.895973205566406
w6_N10_M8_pq,q015,0.0,0.0,0.0,,10,10,8,PQ,0.00616455078125,4.895973205566406
w6_N10_M8_pq,q016,0.0,0.0,0.0,,10,10,8,PQ,0.00616455078125,4.895973205566406
w6_N10_M8_pq,q017,0.0,0.0,0.0,,10,10,8,PQ,0.00616455078125,4.895973205566406
w6_N10_M8_pq,q018,0.0,0.0,0.0,,10,10,8,PQ,0.00616455078125,4.895973205566406
w6_N10_M8_pq,q019,0.0,0.0,0.0,,10,10,8,PQ,0.00616455078125,4.895973205566406
w6_N10_M8_pq,q020,0.0,0.0,0.0,,10,10,8,PQ,0.00616455078125,4.895973205566406
w6_N10_M8_pq,q021,0.0,0.0,0.0,,10,10,8,PQ,0.00616455078125,4.895973205566406
w6_N10_M8_pq,q022,1.0,0.125,0.31546487678572877,8.0,10,10,8,PQ,0.00616455078125,4.895973205566406
w6_N10_M8_pq,q023,0.0,0.0,0.0,,10,10,8,PQ,0.00616455078125,4.895973205566406
w6_N10_M8_pq,q024,1.0,0.5,0.6309297535714575,2.0,10,10,8,PQ,0.00616455078125,4.895973205566406
w6_N10_M8_pq,q025,1.0,0.25,0.43067655807339306,4.0,10,10,8,PQ,0.00616455078125,4.895973205566406
w6_N10_M8_pq,q026,0.0,0.0,0.0,,10,10,8,PQ,0.00616455078125,4.895973205566406
w6_N10_M8_pq,q027,0.0,0.0,0.0,,10,10,8,PQ,0.00616455078125,4.895973205566406
w6_N10_M8_pq,q028,1.0,0.1,0.17723928678404774,10.0,10,10,8,PQ,0.00616455078125,4.895973205566406
w6_N10_M8_pq,q029,0.0,0.0,0.0,,10,10,8,PQ,0.00616455078125,4.895973205566406
w6_N10_M8_pq,q030,0.0,0.0,0.0,,10,10,8,PQ,0.00616455078125,4.895973205566406
w6_N10_M8_opq_pq,q001,1.0,0.25,0.43067655807339306,4.0,10,10,8,OPQ+PQ,0.00616455078125,4.891157150268555
w6_N10_M8_opq_pq,q002,1.0,0.125,0.31546487678572877,8.0,10,10,8,OPQ+PQ,0.00616455078125,4.891157150268555
w6_N10_M8_opq_pq,q003,1.0,0.1,0.2890648263178879,10.0,10,10,8,OPQ+PQ,0.00616455078125,4.891157150268555
w6_N10_M8_opq_pq,q004,1.0,0.1111111111111111,0.3010299956639812,9.0,10,10,8,OPQ+PQ,0.00616455078125,4.891157150268555
w6_N10_M8_opq_pq,q005,0.0,0.0,0.0,,10,10,8,OPQ+PQ,0.00616455078125,4.891157150268555
w6_N10_M8_opq_pq,q006,0.0,0.0,0.0,,10,10,8,OPQ+PQ,0.00616455078125,4.891157150268555
w6_N10_M8_opq_pq,q007,0.0,0.0,0.0,,10,10,8,OPQ+PQ,0.00616455078125,4.891157150268555
w6_N10_M8_opq_pq,q008,0.0,0.0,0.0,,10,10,8,OPQ+PQ,0.00616455078125,4.891157150268555
w6_N10_M8_opq_pq,q009,0.0,0.0,0.0,,10,10,8,OPQ+PQ,0.00616455078125,4.891157150268555
w6_N10_M8_opq_pq,q010,0.0,0.0,0.0,,10,10,8,OPQ+PQ,0.00616455078125,4.891157150268555
w6_N10_M8_opq_pq,q011,0.0,0.0,0.0,,10,10,8,OPQ+PQ,0.00616455078125,4.891157150268555
w6_N10_M8_opq_pq,q012,0.0,0.0,0.0,,10,10,8,OPQ+PQ,0.00616455078125,4.891157150268555
w6_N10_M8_opq_pq,q013,0.0,0.0,0.0,,10,10,8,OPQ+PQ,0.00616455078125,4.891157150268555
w6_N10_M8_opq_pq,q014,0.0,0.0,0.0,,10,10,8,OPQ+PQ,0.00616455078125,4.891157150268555
w6_N10_M8_opq_pq,q015,0.0,0.0,0.0,,10,10,8,OPQ+PQ,0.00616455078125,4.891157150268555
w6_N10_M8_opq_pq,q016,0.0,0.0,0.0,,10,10,8,OPQ+PQ,0.00616455078125,4.891157150268555
w6_N10_M8_opq_pq,q017,0.0,0.0,0.0,,10,10,8,OPQ+PQ,0.00616455078125,4.891157150268555
w6_N10_M8_opq_pq,q018,0.0,0.0,0.0,,10,10,8,OPQ+PQ,0.00616455078125,4.891157150268555
w6_N10_M8_opq_pq,q019,0.0,0.0,0.0,,10,10,8,OPQ+PQ,0.00616455078125,4.891157150268555
w6_N10_M8_opq_pq,q020,0.0,0.0,0.0,,10,10,8,OPQ+PQ,0.00616455078125,4.891157150268555
w6_N10_M8_opq_pq,q021,0.0,0.0,0.0,,10,10,8,OPQ+PQ,0.00616455078125,4.891157150268555
w6_N10_M8_opq_pq,q022,1.0,0.14285714285714285,0.3333333333333333,7.0,10,10,8,OPQ+PQ,0.00616455078125,4.891157150268555
w6_N10_M8_opq_pq,q023,0.0,0.0,0.0,,10,10,8,OPQ+PQ,0.00616455078125,4.891157150268555
w6_N10_M8_opq_pq,q024,1.0,0.2,0.38685280723454163,5.0,10,10,8,OPQ+PQ,0.00616455078125,4.891157150268555
w6_N10_M8_opq_pq,q025,1.0,0.25,0.43067655807339306,4.0,10,10,8,OPQ+PQ,0.00616455078125,4.891157150268555
w6_N10_M8_opq_pq,q026,0.0,0.0,0.0,,10,10,8,OPQ+PQ,0.00616455078125,4.891157150268555
w6_N10_M8_opq_pq,q027,0.0,0.0,0.0,,10,10,8,OPQ+PQ,0.00616455078125,4.891157150268555
w6_N10_M8_opq_pq,q028,1.0,0.1,0.17723928678404774,10.0,10,10,8,OPQ+PQ,0.00616455078125,4.891157150268555
w6_N10_M8_opq_pq,q029,0.0,0.0,0.0,,10,10,8,OPQ+PQ,0.00616455078125,4.891157150268555
w6_N10_M8_opq_pq,q030,0.0,0.0,0.0,,10,10,8,OPQ+PQ,0.00616455078125,4.891157150268555
w6_N10_M8_ivf_pq,q001,1.0,0.2,0.38685280723454163,5.0,10,10,8,IVF+PQ,0.00616455078125,4.808243115743001
w6_N10_M8_ivf_pq,q002,1.0,0.1111111111111111,0.3010299956639812,9.0,10,10,8,IVF+PQ,0.00616455078125,4.808243115743001
w6_N10_M8_ivf_pq,q003,1.0,0.1,0.2890648263178879,10.0,10,10,8,IVF+PQ,0.00616455078125,4.808243115743001
w6_N10_M8_ivf_pq,q004,1.0,0.1,0.2890648263178879,10.0,10,10,8,IVF+PQ,0.00616455078125,4.808243115743001
w6_N10_M8_ivf_pq,q005,0.0,0.0,0.0,,10,10,8,IVF+PQ,0.00616455078125,4.808243115743001
w6_N10_M8_ivf_pq,q006,0.0,0.0,0.0,,10,10,8,IVF+PQ,0.00616455078125,4.808243115743001
w6_N10_M8_ivf_pq,q007,0.0,0.0,0.0,,10,10,8,IVF+PQ,0.00616455078125,4.808243115743001
w6_N10_M8_ivf_pq,q008,0.0,0.0,0.0,,10,10,8,IVF+PQ,0.00616455078125,4.808243115743001
w6_N10_M8_ivf_pq,q009,0.0,0.0,0.0,,10,10,8,IVF+PQ,0.00616455078125,4.808243115743001
w6_N10_M8_ivf_pq,q010,0.0,0.0,0.0,,10,10,8,IVF+PQ,0.00616455078125,4.808243115743001
w6_N10_M8_ivf_pq,q011,0.0,0.0,0.0,,10,10,8,IVF+PQ,0.00616455078125,4.808243115743001
w6_N10_M8_ivf_pq,q012,0.0,0.0,0.0,,10,10,8,IVF+PQ,0.00616455078125,4.808243115743001
w6_N10_M8_ivf_pq,q013,0.0,0.0,0.0,,10,10,8,IVF+PQ,0.00616455078125,4.808243115743001
w6_N10_M8_ivf_pq,q014,0.0,0.0,0.0,,10,10,8,IVF+PQ,0.00616455078125,4.808243115743001
w6_N10_M8_ivf_pq,q015,0.0,0.0,0.0,,10,10,8,IVF+PQ,0.00616455078125,4.808243115743001
w6_N10_M8_ivf_pq,q016,0.0,0.0,0.0,,10,10,8,IVF+PQ,0.00616455078125,4.808243115743001
w6_N10_M8_ivf_pq,q017,0.0,0.0,0.0,,10,10,8,IVF+PQ,0.00616455078125,4.808243115743001
w6_N10_M8_ivf_pq,q018,0.0,0.0,0.0,,10,10,8,IVF+PQ,0.00616455078125,4.808243115743001
w6_N10_M8_ivf_pq,q019,0.0,0.0,0.0,,10,10,8,IVF+PQ,0.00616455078125,4.808243115743001
w6_N10_M8_ivf_pq,q020,0.0,0.0,0.0,,10,10,8,IVF+PQ,0.00616455078125,4.808243115743001
w6_N10_M8_ivf_pq,q021,0.0,0.0,0.0,,10,10,8,IVF+PQ,0.00616455078125,4.808243115743001
w6_N10_M8_ivf_pq,q022,1.0,0.14285714285714285,0.3333333333333333,7.0,10,10,8,IVF+PQ,0.00616455078125,4.808243115743001
w6_N10_M8_ivf_pq,q023,0.0,0.0,0.0,,10,10,8,IVF+PQ,0.00616455078125,4.808243115743001
w6_N10_M8_ivf_pq,q024,1.0,0.3333333333333333,0.5,3.0,10,10,8,IVF+PQ,0.00616455078125,4.808243115743001
w6_N10_M8_ivf_pq,q025,1.0,0.5,0.6309297535714575,2.0,10,10,8,IVF+PQ,0.00616455078125,4.808243115743001
w6_N10_M8_ivf_pq,q026,0.0,0.0,0.0,,10,10,8,IVF+PQ,0.00616455078125,4.808243115743001
w6_N10_M8_ivf_pq,q027,0.0,0.0,0.0,,10,10,8,IVF+PQ,0.00616455078125,4.808243115743001
w6_N10_M8_ivf_pq,q028,1.0,0.1,0.17723928678404774,10.0,10,10,8,IVF+PQ,0.00616455078125,4.808243115743001
w6_N10_M8_ivf_pq,q029,0.0,0.0,0.0,,10,10,8,IVF+PQ,0.00616455078125,4.808243115743001
w6_N10_M8_ivf_pq,q030,0.0,0.0,0.0,,10,10,8,IVF+PQ,0.00616455078125,4.808243115743001
w6_N10_M8_ivf_opq_pq,q001,1.0,0.25,0.43067655807339306,4.0,10,10,8,IVF+OPQ+PQ,0.00616455078125,4.803927739461264
w6_N10_M8_ivf_opq_pq,q002,1.0,0.1111111111111111,0.3010299956639812,9.0,10,10,8,IVF+OPQ+PQ,0.00616455078125,4.803927739461264
w6_N10_M8_ivf_opq_pq,q003,1.0,0.1111111111111111,0.3010299956639812,9.0,10,10,8,IVF+OPQ+PQ,0.00616455078125,4.803927739461264
w6_N10_M8_ivf_opq_pq,q004,1.0,0.1,0.2890648263178879,10.0,10,10,8,IVF+OPQ+PQ,0.00616455078125,4.803927739461264
w6_N10_M8_ivf_opq_pq,q005,0.0,0.0,0.0,,10,10,8,IVF+OPQ+PQ,0.00616455078125,4.803927739461264
w6_N10_M8_ivf_opq_pq,q006,0.0,0.0,0.0,,10,10,8,IVF+OPQ+PQ,0.00616455078125,4.803927739461264
w6_N10_M8_ivf_opq_pq,q007,0.0,0.0,0.0,,10,10,8,IVF+OPQ+PQ,0.00616455078125,4.803927739461264
w6_N10_M8_ivf_opq_pq,q008,0.0,0.0,0.0,,10,10,8,IVF+OPQ+PQ,0.00616455078125,4.803927739461264
w6_N10_M8_ivf_opq_pq,q009,0.0,0.0,0.0,,10,10,8,IVF+OPQ+PQ,0.00616455078125,4.803927739461264
w6_N10_M8_ivf_opq_pq,q010,0.0,0.0,0.0,,10,10,8,IVF+OPQ+PQ,0.00616455078125,4.803927739461264
w6_N10_M8_ivf_opq_pq,q011,0.0,0.0,0.0,,10,10,8,IVF+OPQ+PQ,0.00616455078125,4.803927739461264
w6_N10_M8_ivf_opq_pq,q012,0.0,0.0,0.0,,10,10,8,IVF+OPQ+PQ,0.00616455078125,4.803927739461264
w6_N10_M8_ivf_opq_pq,q013,0.0,0.0,0.0,,10,10,8,IVF+OPQ+PQ,0.00616455078125,4.803927739461264
w6_N10_M8_ivf_opq_pq,q014,0.0,0.0,0.0,,10,10,8,IVF+OPQ+PQ,0.00616455078125,4.803927739461264
w6_N10_M8_ivf_opq_pq,q015,0.0,0.0,0.0,,10,10,8,IVF+OPQ+PQ,0.00616455078125,4.803927739461264
w6_N10_M8_ivf_opq_pq,q016,0.0,0.0,0.0,,10,10,8,IVF+OPQ+PQ,0.00616455078125,4.803927739461264
w6_N10_M8_ivf_opq_pq,q017,0.0,0.0,0.0,,10,10,8,IVF+OPQ+PQ,0.00616455078125,4.803927739461264
w6_N10_M8_ivf_opq_pq,q018,0.0,0.0,0.0,,10,10,8,IVF+OPQ+PQ,0.00616455078125,4.803927739461264
w6_N10_M8_ivf_opq_pq,q019,0.0,0.0,0.0,,10,10,8,IVF+OPQ+PQ,0.00616455078125,4.803927739461264
w6_N10_M8_ivf_opq_pq,q020,0.0,0.0,0.0,,10,10,8,IVF+OPQ+PQ,0.00616455078125,4.803927739461264
w6_N10_M8_ivf_opq_pq,q021,0.0,0.0,0.0,,10,10,8,IVF+OPQ+PQ,0.00616455078125,4.803927739461264
w6_N10_M8_ivf_opq_pq,q022,1.0,0.14285714285714285,0.3333333333333333,7.0,10,10,8,IVF+OPQ+PQ,0.00616455078125,4.803927739461264
w6_N10_M8_ivf_opq_pq,q023,0.0,0.0,0.0,,10,10,8,IVF+OPQ+PQ,0.00616455078125,4.803927739461264
w6_N10_M8_ivf_opq_pq,q024,1.0,0.3333333333333333,0.5,3.0,10,10,8,IVF+OPQ+PQ,0.00616455078125,4.803927739461264
w6_N10_M8_ivf_opq_pq,q025,1.0,0.5,0.6309297535714575,2.0,10,10,8,IVF+OPQ+PQ,0.00616455078125,4.803927739461264
w6_N10_M8_ivf_opq_pq,q026,0.0,0.0,0.0,,10,10,8,IVF+OPQ+PQ,0.00616455078125,4.803927739461264
w6_N10_M8_ivf_opq_pq,q027,0.0,0.0,0.0,,10,10,8,IVF+OPQ+PQ,0.00616455078125,4.803927739461264
w6_N10_M8_ivf_opq_pq,q028,1.0,0.1111111111111111,0.18457569677956817,9.0,10,10,8,IVF+OPQ+PQ,0.00616455078125,4.803927739461264
w6_N10_M8_ivf_opq_pq,q029,0.0,0.0,0.0,,10,10,8,IVF+OPQ+PQ,0.00616455078125,4.803927739461264
w6_N10_M8_ivf_opq_pq,q030,0.0,0.0,0.0,,10,10,8,IVF+OPQ+PQ,0.00616455078125,4.803927739461264
w6_N10_M16_none,q001,1.0,0.14285714285714285,0.3333333333333333,7.0,10,10,16,None,3.15625,5.015381177266439
w6_N10_M16_none,q002,1.0,1.0,1.0,1.0,10,10,16,None,3.15625,5.015381177266439
w6_N10_M16_none,q003,1.0,0.1,0.2890648263178879,10.0,10,10,16,None,3.15625,5.015381177266439
w6_N10_M16_none,q004,1.0,0.1,0.2890648263178879,10.0,10,10,16,None,3.15625,5.015381177266439
w6_N10_M16_none,q005,0.0,0.0,0.0,,10,10,16,None,3.15625,5.015381177266439
w6_N10_M16_none,q006,0.0,0.0,0.0,,10,10,16,None,3.15625,5.015381177266439
w6_N10_M16_none,q007,0.0,0.0,0.0,,10,10,16,None,3.15625,5.015381177266439
w6_N10_M16_none,q008,0.0,0.0,0.0,,10,10,16,None,3.15625,5.015381177266439
w6_N10_M16_none,q009,0.0,0.0,0.0,,10,10,16,None,3.15625,5.015381177266439
w6_N10_M16_none,q010,0.0,0.0,0.0,,10,10,16,None,3.15625,5.015381177266439
w6_N10_M16_none,q011,0.0,0.0,0.0,,10,10,16,None,3.15625,5.015381177266439
w6_N10_M16_none,q012,0.0,0.0,0.0,,10,10,16,None,3.15625,5.015381177266439
w6_N10_M16_none,q013,0.0,0.0,0.0,,10,10,16,None,3.15625,5.015381177266439
w6_N10_M16_none,q014,0.0,0.0,0.0,,10,10,16,None,3.15625,5.015381177266439
w6_N10_M16_none,q015,0.0,0.0,0.0,,10,10,16,None,3.15625,5.015381177266439
w6_N10_M16_none,q016,0.0,0.0,0.0,,10,10,16,None,3.15625,5.015381177266439
w6_N10_M16_none,q017,0.0,0.0,0.0,,10,10,16,None,3.15625,5.015381177266439
w6_N10_M16_none,q018,0.0,0.0,0.0,,10,10,16,None,3.15625,5.015381177266439
w6_N10_M16_none,q019,0.0,0.0,0.0,,10,10,16,None,3.15625,5.015381177266439
w6_N10_M16_none,q020,0.0,0.0,0.0,,10,10,16,None,3.15625,5.015381177266439
w6_N10_M16_none,q021,0.0,0.0,0.0,,10,10,16,None,3.15625,5.015381177266439
w6_N10_M16_none,q022,1.0,0.125,0.31546487678572877,8.0,10,10,16,None,3.15625,5.015381177266439
w6_N10_M16_none,q023,0.0,0.0,0.0,,10,10,16,None,3.15625,5.015381177266439
w6_N10_M16_none,q024,1.0,0.125,0.31546487678572877,8.0,10,10,16,None,3.15625,5.015381177266439
w6_N10_M16_none,q025,1.0,1.0,1.0,1.0,10,10,16,None,3.15625,5.015381177266439
w6_N10_M16_none,q026,0.0,0.0,0.0,,10,10,16,None,3.15625,5.015381177266439
w6_N10_M16_none,q027,0.0,0.0,0.0,,10,10,16,None,3.15625,5.015381177266439
w6_N10_M16_none,q028,1.0,0.1111111111111111,0.18457569677956817,9.0,10,10,16,None,3.15625,5.015381177266439
w6_N10_M16_none,q029,0.0,0.0,0.0,,10,10,16,None,3.15625,5.015381177266439
w6_N10_M16_none,q030,0.0,0.0,0.0,,10,10,16,None,3.15625,5.015381177266439
w6_N10_M16_pq,q001,1.0,0.16666666666666666,0.3562071871080222,6.0,10,10,16,PQ,0.0123291015625,4.952526092529297
w6_N10_M16_pq,q002,1.0,0.3333333333333333,0.5,3.0,10,10,16,PQ,0.0123291015625,4.952526092529297
w6_N10_M16_pq,q003,1.0,0.1,0.2890648263178879,10.0,10,10,16,PQ,0.0123291015625,4.952526092529297
w6_N10_M16_pq,q004,1.0,0.125,0.31546487678572877,8.0,10,10,16,PQ,0.0123291015625,4.952526092529297
w6_N10_M16_pq,q005,0.0,0.0,0.0,,10,10,16,PQ,0.0123291015625,4.952526092529297
w6_N10_M16_pq,q006,0.0,0.0,0.0,,10,10,16,PQ,0.0123291015625,4.952526092529297
w6_N10_M16_pq,q007,0.0,0.0,0.0,,10,10,16,PQ,0.0123291015625,4.952526092529297
w6_N10_M16_pq,q008,0.0,0.0,0.0,,10,10,16,PQ,0.0123291015625,4.952526092529297
w6_N10_M16_pq,q009,0.0,0.0,0.0,,10,10,16,PQ,0.0123291015625,4.952526092529297
w6_N10_M16_pq,q010,0.0,0.0,0.0,,10,10,16,PQ,0.0123291015625,4.952526092529297
w6_N10_M16_pq,q011,0.0,0.0,0.0,,10,10,16,PQ,0.0123291015625,4.952526092529297
w6_N10_M16_pq,q012,0.0,0.0,0.0,,10,10,16,PQ,0.0123291015625,4.952526092529297
w6_N10_M16_pq,q013,0.0,0.0,0.0,,10,10,16,PQ,0.0123291015625,4.952526092529297
w6_N10_M16_pq,q014,0.0,0.0,0.0,,10,10,16,PQ,0.0123291015625,4.952526092529297
w6_N10_M16_pq,q015,0.0,0.0,0.0,,10,10,16,PQ,0.0123291015625,4.952526092529297
w6_N10_M16_pq,q016,0.0,0.0,0.0,,10,10,16,PQ,0.0123291015625,4.952526092529297
w6_N10_M16_pq,q017,0.0,0.0,0.0,,10,10,16,PQ,0.0123291015625,4.952526092529297
w6_N10_M16_pq,q018,0.0,0.0,0.0,,10,10,16,PQ,0.0123291015625,4.952526092529297
w6_N10_M16_pq,q019,0.0,0.0,0.0,,10,10,16,PQ,0.0123291015625,4.952526092529297
w6_N10_M16_pq,q020,0.0,0.0,0.0,,10,10,16,PQ,0.0123291015625,4.952526092529297
w6_N10_M16_pq,q021,0.0,0.0,0.0,,10,10,16,PQ,0.0123291015625,4.952526092529297
w6_N10_M16_pq,q022,1.0,0.125,0.31546487678572877,8.0,10,10,16,PQ,0.0123291015625,4.952526092529297
w6_N10_M16_pq,q023,0.0,0.0,0.0,,10,10,16,PQ,0.0123291015625,4.952526092529297
w6_N10_M16_pq,q024,1.0,0.5,0.6309297535714575,2.0,10,10,16,PQ,0.0123291015625,4.952526092529297
w6_N10_M16_pq,q025,1.0,0.5,0.6309297535714575,2.0,10,10,16,PQ,0.0123291015625,4.952526092529297
w6_N10_M16_pq,q026,0.0,0.0,0.0,,10,10,16,PQ,0.0123291015625,4.952526092529297
w6_N10_M16_pq,q027,0.0,0.0,0.0,,10,10,16,PQ,0.0123291015625,4.952526092529297
w6_N10_M16_pq,q028,1.0,0.1,0.17723928678404774,10.0,10,10,16,PQ,0.0123291015625,4.952526092529297
w6_N10_M16_pq,q029,0.0,0.0,0.0,,10,10,16,PQ,0.0123291015625,4.952526092529297
w6_N10_M16_pq,q030,0.0,0.0,0.0,,10,10,16,PQ,0.0123291015625,4.952526092529297
w6_N10_M16_opq_pq,q001,1.0,0.16666666666666666,0.3562071871080222,6.0,10,10,16,OPQ+PQ,0.0123291015625,4.980142911275228
w6_N10_M16_opq_pq,q002,1.0,0.3333333333333333,0.5,3.0,10,10,16,OPQ+PQ,0.0123291015625,4.980142911275228
w6_N10_M16_opq_pq,q003,1.0,0.1,0.2890648263178879,10.0,10,10,16,OPQ+PQ,0.0123291015625,4.980142911275228
w6_N10_M16_opq_pq,q004,1.0,0.1111111111111111,0.3010299956639812,9.0,10,10,16,OPQ+PQ,0.0123291015625,4.980142911275228
w6_N10_M16_opq_pq,q005,0.0,0.0,0.0,,10,10,16,OPQ+PQ,0.0123291015625,4.980142911275228
w6_N10_M16_opq_pq,q006,0.0,0.0,0.0,,10,10,16,OPQ+PQ,0.0123291015625,4.980142911275228
w6_N10_M16_opq_pq,q007,0.0,0.0,0.0,,10,10,16,OPQ+PQ,0.0123291015625,4.980142911275228
w6_N10_M16_opq_pq,q008,0.0,0.0,0.0,,10,10,16,OPQ+PQ,0.0123291015625,4.980142911275228
w6_N10_M16_opq_pq,q009,0.0,0.0,0.0,,10,10,16,OPQ+PQ,0.0123291015625,4.980142911275228
w6_N10_M16_opq_pq,q010,0.0,0.0,0.0,,10,10,16,OPQ+PQ,0.0123291015625,4.980142911275228
w6_N10_M16_opq_pq,q011,0.0,0.0,0.0,,10,10,16,OPQ+PQ,0.0123291015625,4.980142911275228
w6_N10_M16_opq_pq,q012,0.0,0.0,0.0,,10,10,16,OPQ+PQ,0.0123291015625,4.980142911275228
w6_N10_M16_opq_pq,q013,0.0,0.0,0.0,,10,10,16,OPQ+PQ,0.0123291015625,4.980142911275228
w6_N10_M16_opq_pq,q014,0.0,0.0,0.0,,10,10,16,OPQ+PQ,0.0123291015625,4.980142911275228
w6_N10_M16_opq_pq,q015,0.0,0.0,0.0,,10,10,16,OPQ+PQ,0.0123291015625,4.980142911275228
w6_N10_M16_opq_pq,q016,0.0,0.0,0.0,,10,10,16,OPQ+PQ,0.0123291015625,4.980142911275228
w6_N10_M16_opq_pq,q017,0.0,0.0,0.0,,10,10,16,OPQ+PQ,0.0123291015625,4.980142911275228
w6_N10_M16_opq_pq,q018,0.0,0.0,0.0,,10,10,16,OPQ+PQ,0.0123291015625,4.980142911275228
w6_N10_M16_opq_pq,q019,0.0,0.0,0.0,,10,10,16,OPQ+PQ,0.0123291015625,4.980142911275228
w6_N10_M16_opq_pq,q020,0.0,0.0,0.0,,10,10,16,OPQ+PQ,0.0123291015625,4.980142911275228
w6_N10_M16_opq_pq,q021,0.0,0.0,0.0,,10,10,16,OPQ+PQ,0.0123291015625,4.980142911275228
w6_N10_M16_opq_pq,q022,1.0,0.125,0.31546487678572877,8.0,10,10,16,OPQ+PQ,0.0123291015625,4.980142911275228
w6_N10_M16_opq_pq,q023,0.0,0.0,0.0,,10,10,16,OPQ+PQ,0.0123291015625,4.980142911275228
w6_N10_M16_opq_pq,q024,1.0,0.16666666666666666,0.3562071871080222,6.0,10,10,16,OPQ+PQ,0.0123291015625,4.980142911275228
w6_N10_M16_opq_pq,q025,1.0,0.16666666666666666,0.3562071871080222,6.0,10,10,16,OPQ+PQ,0.0123291015625,4.980142911275228
w6_N10_M16_opq_pq,q026,0.0,0.0,0.0,,10,10,16,OPQ+PQ,0.0123291015625,4.980142911275228
w6_N10_M16_opq_pq,q027,0.0,0.0,0.0,,10,10,16,OPQ+PQ,0.0123291015625,4.980142911275228
w6_N10_M16_opq_pq,q028,1.0,0.1,0.17723928678404774,10.0,10,10,16,OPQ+PQ,0.0123291015625,4.980142911275228
w6_N10_M16_opq_pq,q029,0.0,0.0,0.0,,10,10,16,OPQ+PQ,0.0123291015625,4.980142911275228
w6_N10_M16_opq_pq,q030,0.0,0.0,0.0,,10,10,16,OPQ+PQ,0.0123291015625,4.980142911275228
w6_N10_M16_ivf_pq,q001,1.0,0.16666666666666666,0.3562071871080222,6.0,10,10,16,IVF+PQ,0.0123291015625,5.713589986165364
w6_N10_M16_ivf_pq,q002,1.0,0.16666666666666666,0.3562071871080222,6.0,10,10,16,IVF+PQ,0.0123291015625,5.713589986165364
w6_N10_M16_ivf_pq,q003,1.0,0.1,0.2890648263178879,10.0,10,10,16,IVF+PQ,0.0123291015625,5.713589986165364
w6_N10_M16_ivf_pq,q004,1.0,0.1111111111111111,0.3010299956639812,9.0,10,10,16,IVF+PQ,0.0123291015625,5.713589986165364
w6_N10_M16_ivf_pq,q005,0.0,0.0,0.0,,10,10,16,IVF+PQ,0.0123291015625,5.713589986165364
w6_N10_M16_ivf_pq,q006,0.0,0.0,0.0,,10,10,16,IVF+PQ,0.0123291015625,5.713589986165364
w6_N10_M16_ivf_pq,q007,0.0,0.0,0.0,,10,10,16,IVF+PQ,0.0123291015625,5.713589986165364
w6_N10_M16_ivf_pq,q008,0.0,0.0,0.0,,10,10,16,IVF+PQ,0.0123291015625,5.713589986165364
w6_N10_M16_ivf_pq,q009,0.0,0.0,0.0,,10,10,16,IVF+PQ,0.0123291015625,5.713589986165364
w6_N10_M16_ivf_pq,q010,0.0,0.0,0.0,,10,10,16,IVF+PQ,0.0123291015625,5.713589986165364
w6_N10_M16_ivf_pq,q011,0.0,0.0,0.0,,10,10,16,IVF+PQ,0.0123291015625,5.713589986165364
w6_N10_M16_ivf_pq,q012,0.0,0.0,0.0,,10,10,16,IVF+PQ,0.0123291015625,5.713589986165364
w6_N10_M16_ivf_pq,q013,0.0,0.0,0.0,,10,10,16,IVF+PQ,0.0123291015625,5.713589986165364
w6_N10_M16_ivf_pq,q014,0.0,0.0,0.0,,10,10,16,IVF+PQ,0.0123291015625,5.713589986165364
w6_N10_M16_ivf_pq,q015,0.0,0.0,0.0,,10,10,16,IVF+PQ,0.0123291015625,5.713589986165364
w6_N10_M16_ivf_pq,q016,0.0,0.0,0.0,,10,10,16,IVF+PQ,0.0123291015625,5.713589986165364
w6_N10_M16_ivf_pq,q017,0.0,0.0,0.0,,10,10,16,IVF+PQ,0.0123291015625,5.713589986165364
w6_N10_M16_ivf_pq,q018,0.0,0.0,0.0,,10,10,16,IVF+PQ,0.0123291015625,5.713589986165364
w6_N10_M16_ivf_pq,q019,0.0,0.0,0.0,,10,10,16,IVF+PQ,0.0123291015625,5.713589986165364
w6_N10_M16_ivf_pq,q020,0.0,0.0,0.0,,10,10,16,IVF+PQ,0.0123291015625,5.713589986165364
w6_N10_M16_ivf_pq,q021,0.0,0.0,0.0,,10,10,16,IVF+PQ,0.0123291015625,5.713589986165364
w6_N10_M16_ivf_pq,q022,1.0,0.125,0.31546487678572877,8.0,10,10,16,IVF+PQ,0.0123291015625,5.713589986165364
w6_N10_M16_ivf_pq,q023,0.0,0.0,0.0,,10,10,16,IVF+PQ,0.0123291015625,5.713589986165364
w6_N10_M16_ivf_pq,q024,1.0,0.2,0.38685280723454163,5.0,10,10,16,IVF+PQ,0.0123291015625,5.713589986165364
w6_N10_M16_ivf_pq,q025,1.0,1.0,1.0,1.0,10,10,16,IVF+PQ,0.0123291015625,5.713589986165364
w6_N10_M16_ivf_pq,q026,0.0,0.0,0.0,,10,10,16,IVF+PQ,0.0123291015625,5.713589986165364
w6_N10_M16_ivf_pq,q027,0.0,0.0,0.0,,10,10,16,IVF+PQ,0.0123291015625,5.713589986165364
w6_N10_M16_ivf_pq,q028,1.0,0.1,0.17723928678404774,10.0,10,10,16,IVF+PQ,0.0123291015625,5.713589986165364
w6_N10_M16_ivf_pq,q029,0.0,0.0,0.0,,10,10,16,IVF+PQ,0.0123291015625,5.713589986165364
w6_N10_M16_ivf_pq,q030,0.0,0.0,0.0,,10,10,16,IVF+PQ,0.0123291015625,5.713589986165364
w6_N10_M16_ivf_opq_pq,q001,1.0,0.16666666666666666,0.3562071871080222,6.0,10,10,16,IVF+OPQ+PQ,0.0123291015625,5.700524648030599
w6_N10_M16_ivf_opq_pq,q002,1.0,0.5,0.6309297535714575,2.0,10,10,16,IVF+OPQ+PQ,0.0123291015625,5.700524648030599
w6_N10_M16_ivf_opq_pq,q003,1.0,0.1,0.2890648263178879,10.0,10,10,16,IVF+OPQ+PQ,0.0123291015625,5.700524648030599
w6_N10_M16_ivf_opq_pq,q004,1.0,0.1111111111111111,0.3010299956639812,9.0,10,10,16,IVF+OPQ+PQ,0.0123291015625,5.700524648030599
w6_N10_M16_ivf_opq_pq,q005,0.0,0.0,0.0,,10,10,16,IVF+OPQ+PQ,0.0123291015625,5.700524648030599
w6_N10_M16_ivf_opq_pq,q006,0.0,0.0,0.0,,10,10,16,IVF+OPQ+PQ,0.0123291015625,5.700524648030599
w6_N10_M16_ivf_opq_pq,q007,0.0,0.0,0.0,,10,10,16,IVF+OPQ+PQ,0.0123291015625,5.700524648030599
w6_N10_M16_ivf_opq_pq,q008,0.0,0.0,0.0,,10,10,16,IVF+OPQ+PQ,0.0123291015625,5.700524648030599
w6_N10_M16_ivf_opq_pq,q009,0.0,0.0,0.0,,10,10,16,IVF+OPQ+PQ,0.0123291015625,5.700524648030599
w6_N10_M16_ivf_opq_pq,q010,0.0,0.0,0.0,,10,10,16,IVF+OPQ+PQ,0.0123291015625,5.700524648030599
w6_N10_M16_ivf_opq_pq,q011,0.0,0.0,0.0,,10,10,16,IVF+OPQ+PQ,0.0123291015625,5.700524648030599
w6_N10_M16_ivf_opq_pq,q012,0.0,0.0,0.0,,10,10,16,IVF+OPQ+PQ,0.0123291015625,5.700524648030599
w6_N10_M16_ivf_opq_pq,q013,0.0,0.0,0.0,,10,10,16,IVF+OPQ+PQ,0.0123291015625,5.700524648030599
w6_N10_M16_ivf_opq_pq,q014,0.0,0.0,0.0,,10,10,16,IVF+OPQ+PQ,0.0123291015625,5.700524648030599
w6_N10_M16_ivf_opq_pq,q015,0.0,0.0,0.0,,10,10,16,IVF+OPQ+PQ,0.0123291015625,5.700524648030599
w6_N10_M16_ivf_opq_pq,q016,0.0,0.0,0.0,,10,10,16,IVF+OPQ+PQ,0.0123291015625,5.700524648030599
w6_N10_M16_ivf_opq_pq,q017,0.0,0.0,0.0,,10,10,16,IVF+OPQ+PQ,0.0123291015625,5.700524648030599
w6_N10_M16_ivf_opq_pq,q018,0.0,0.0,0.0,,10,10,16,IVF+OPQ+PQ,0.0123291015625,5.700524648030599
w6_N10_M16_ivf_opq_pq,q019,0.0,0.0,0.0,,10,10,16,IVF+OPQ+PQ,0.0123291015625,5.700524648030599
w6_N10_M16_ivf_opq_pq,q020,0.0,0.0,0.0,,10,10,16,IVF+OPQ+PQ,0.0123291015625,5.700524648030599
w6_N10_M16_ivf_opq_pq,q021,0.0,0.0,0.0,,10,10,16,IVF+OPQ+PQ,0.0123291015625,5.700524648030599
w6_N10_M16_ivf_opq_pq,q022,1.0,0.1111111111111111,0.3010299956639812,9.0,10,10,16,IVF+OPQ+PQ,0.0123291015625,5.700524648030599
w6_N10_M16_ivf_opq_pq,q023,0.0,0.0,0.0,,10,10,16,IVF+OPQ+PQ,0.0123291015625,5.700524648030599
w6_N10_M16_ivf_opq_pq,q024,1.0,0.25,0.43067655807339306,4.0,10,10,16,IVF+OPQ+PQ,0.0123291015625,5.700524648030599
w6_N10_M16_ivf_opq_pq,q025,1.0,1.0,1.0,1.0,10,10,16,IVF+OPQ+PQ,0.0123291015625,5.700524648030599
w6_N10_M16_ivf_opq_pq,q026,0.0,0.0,0.0,,10,10,16,IVF+OPQ+PQ,0.0123291015625,5.700524648030599
w6_N10_M16_ivf_opq_pq,q027,0.0,0.0,0.0,,10,10,16,IVF+OPQ+PQ,0.0123291015625,5.700524648030599
w6_N10_M16_ivf_opq_pq,q028,1.0,0.1,0.17723928678404774,10.0,10,10,16,IVF+OPQ+PQ,0.0123291015625,5.700524648030599
w6_N10_M16_ivf_opq_pq,q029,0.0,0.0,0.0,,10,10,16,IVF+OPQ+PQ,0.0123291015625,5.700524648030599
w6_N10_M16_ivf_opq_pq,q030,0.0,0.0,0.0,,10,10,16,IVF+OPQ+PQ,0.0123291015625,5.700524648030599
w6_N10_M24_none,q001,1.0,0.14285714285714285,0.3333333333333333,7.0,10,10,24,None,4.734375,5.3177038828531895
w6_N10_M24_none,q002,1.0,0.3333333333333333,0.5,3.0,10,10,24,None,4.734375,5.3177038828531895
w6_N10_M24_none,q003,1.0,0.1,0.2890648263178879,10.0,10,10,24,None,4.734375,5.3177038828531895
w6_N10_M24_none,q004,1.0,0.3333333333333333,0.5,3.0,10,10,24,None,4.734375,5.3177038828531895
w6_N10_M24_none,q005,0.0,0.0,0.0,,10,10,24,None,4.734375,5.3177038828531895
w6_N10_M24_none,q006,0.0,0.0,0.0,,10,10,24,None,4.734375,5.3177038828531895
w6_N10_M24_none,q007,0.0,0.0,0.0,,10,10,24,None,4.734375,5.3177038828531895
w6_N10_M24_none,q008,0.0,0.0,0.0,,10,10,24,None,4.734375,5.3177038828531895
w6_N10_M24_none,q009,0.0,0.0,0.0,,10,10,24,None,4.734375,5.3177038828531895
w6_N10_M24_none,q010,0.0,0.0,0.0,,10,10,24,None,4.734375,5.3177038828531895
w6_N10_M24_none,q011,0.0,0.0,0.0,,10,10,24,None,4.734375,5.3177038828531895
w6_N10_M24_none,q012,0.0,0.0,0.0,,10,10,24,None,4.734375,5.3177038828531895
w6_N10_M24_none,q013,0.0,0.0,0.0,,10,10,24,None,4.734375,5.3177038828531895
w6_N10_M24_none,q014,0.0,0.0,0.0,,10,10,24,None,4.734375,5.3177038828531895
w6_N10_M24_none,q015,0.0,0.0,0.0,,10,10,24,None,4.734375,5.3177038828531895
w6_N10_M24_none,q016,0.0,0.0,0.0,,10,10,24,None,4.734375,5.3177038828531895
w6_N10_M24_none,q017,0.0,0.0,0.0,,10,10,24,None,4.734375,5.3177038828531895
w6_N10_M24_none,q018,0.0,0.0,0.0,,10,10,24,None,4.734375,5.3177038828531895
w6_N10_M24_none,q019,0.0,0.0,0.0,,10,10,24,None,4.734375,5.3177038828531895
w6_N10_M24_none,q020,0.0,0.0,0.0,,10,10,24,None,4.734375,5.3177038828531895
w6_N10_M24_none,q021,0.0,0.0,0.0,,10,10,24,None,4.734375,5.3177038828531895
w6_N10_M24_none,q022,1.0,0.1111111111111111,0.3010299956639812,9.0,10,10,24,None,4.734375,5.3177038828531895
w6_N10_M24_none,q023,0.0,0.0,0.0,,10,10,24,None,4.734375,5.3177038828531895
w6_N10_M24_none,q024,1.0,0.14285714285714285,0.3333333333333333,7.0,10,10,24,None,4.734375,5.3177038828531895
w6_N10_M24_none,q025,1.0,1.0,1.0,1.0,10,10,24,None,4.734375,5.3177038828531895
w6_N10_M24_none,q026,0.0,0.0,0.0,,10,10,24,None,4.734375,5.3177038828531895
w6_N10_M24_none,q027,0.0,0.0,0.0,,10,10,24,None,4.734375,5.3177038828531895
w6_N10_M24_none,q028,1.0,0.1,0.17723928678404774,10.0,10,10,24,None,4.734375,5.3177038828531895
w6_N10_M24_none,q029,0.0,0.0,0.0,,10,10,24,None,4.734375,5.3177038828531895
w6_N10_M24_none,q030,0.0,0.0,0.0,,10,10,24,None,4.734375,5.3177038828531895
w6_N10_M24_pq,q001,1.0,0.14285714285714285,0.3333333333333333,7.0,10,10,24,PQ,0.01849365234375,5.105066299438477
w6_N10_M24_pq,q002,1.0,0.2,0.38685280723454163,5.0,10,10,24,PQ,0.01849365234375,5.105066299438477
w6_N10_M24_pq,q003,1.0,0.1,0.2890648263178879,10.0,10,10,24,PQ,0.01849365234375,5.105066299438477
w6_N10_M24_pq,q004,1.0,0.5,0.6309297535714575,2.0,10,10,24,PQ,0.01849365234375,5.105066299438477
w6_N10_M24_pq,q005,0.0,0.0,0.0,,10,10,24,PQ,0.01849365234375,5.105066299438477
w6_N10_M24_pq,q006,0.0,0.0,0.0,,10,10,24,PQ,0.01849365234375,5.105066299438477
w6_N10_M24_pq,q007,0.0,0.0,0.0,,10,10,24,PQ,0.01849365234375,5.105066299438477
w6_N10_M24_pq,q008,0.0,0.0,0.0,,10,10,24,PQ,0.01849365234375,5.105066299438477
w6_N10_M24_pq,q009,0.0,0.0,0.0,,10,10,24,PQ,0.01849365234375,5.105066299438477
w6_N10_M24_pq,q010,0.0,0.0,0.0,,10,10,24,PQ,0.01849365234375,5.105066299438477
w6_N10_M24_pq,q011,0.0,0.0,0.0,,10,10,24,PQ,0.01849365234375,5.105066299438477
w6_N10_M24_pq,q012,0.0,0.0,0.0,,10,10,24,PQ,0.01849365234375,5.105066299438477
w6_N10_M24_pq,q013,0.0,0.0,0.0,,10,10,24,PQ,0.01849365234375,5.105066299438477
w6_N10_M24_pq,q014,0.0,0.0,0.0,,10,10,24,PQ,0.01849365234375,5.105066299438477
w6_N10_M24_pq,q015,0.0,0.0,0.0,,10,10,24,PQ,0.01849365234375,5.105066299438477
w6_N10_M24_pq,q016,0.0,0.0,0.0,,10,10,24,PQ,0.01849365234375,5.105066299438477
w6_N10_M24_pq,q017,0.0,0.0,0.0,,10,10,24,PQ,0.01849365234375,5.105066299438477
w6_N10_M24_pq,q018,0.0,0.0,0.0,,10,10,24,PQ,0.01849365234375,5.105066299438477
w6_N10_M24_pq,q019,0.0,0.0,0.0,,10,10,24,PQ,0.01849365234375,5.105066299438477
w6_N10_M24_pq,q020,0.0,0.0,0.0,,10,10,24,PQ,0.01849365234375,5.105066299438477
w6_N10_M24_pq,q021,0.0,0.0,0.0,,10,10,24,PQ,0.01849365234375,5.105066299438477
w6_N10_M24_pq,q022,1.0,0.125,0.31546487678572877,8.0,10,10,24,PQ,0.01849365234375,5.105066299438477
w6_N10_M24_pq,q023,0.0,0.0,0.0,,10,10,24,PQ,0.01849365234375,5.105066299438477
w6_N10_M24_pq,q024,1.0,1.0,1.0,1.0,10,10,24,PQ,0.01849365234375,5.105066299438477
w6_N10_M24_pq,q025,1.0,0.5,0.6309297535714575,2.0,10,10,24,PQ,0.01849365234375,5.105066299438477
w6_N10_M24_pq,q026,0.0,0.0,0.0,,10,10,24,PQ,0.01849365234375,5.105066299438477
w6_N10_M24_pq,q027,0.0,0.0,0.0,,10,10,24,PQ,0.01849365234375,5.105066299438477
w6_N10_M24_pq,q028,1.0,0.1,0.17723928678404774,10.0,10,10,24,PQ,0.01849365234375,5.105066299438477
w6_N10_M24_pq,q029,0.0,0.0,0.0,,10,10,24,PQ,0.01849365234375,5.105066299438477
w6_N10_M24_pq,q030,0.0,0.0,0.0,,10,10,24,PQ,0.01849365234375,5.105066299438477
w6_N10_M24_opq_pq,q001,1.0,0.14285714285714285,0.3333333333333333,7.0,10,10,24,OPQ+PQ,0.01849365234375,5.00629742940267
w6_N10_M24_opq_pq,q002,1.0,0.3333333333333333,0.5,3.0,10,10,24,OPQ+PQ,0.01849365234375,5.00629742940267
w6_N10_M24_opq_pq,q003,1.0,0.1,0.2890648263178879,10.0,10,10,24,OPQ+PQ,0.01849365234375,5.00629742940267
w6_N10_M24_opq_pq,q004,1.0,0.16666666666666666,0.3562071871080222,6.0,10,10,24,OPQ+PQ,0.01849365234375,5.00629742940267
w6_N10_M24_opq_pq,q005,0.0,0.0,0.0,,10,10,24,OPQ+PQ,0.01849365234375,5.00629742940267
w6_N10_M24_opq_pq,q006,0.0,0.0,0.0,,10,10,24,OPQ+PQ,0.01849365234375,5.00629742940267
w6_N10_M24_opq_pq,q007,0.0,0.0,0.0,,10,10,24,OPQ+PQ,0.01849365234375,5.00629742940267
w6_N10_M24_opq_pq,q008,0.0,0.0,0.0,,10,10,24,OPQ+PQ,0.01849365234375,5.00629742940267
w6_N10_M24_opq_pq,q009,0.0,0.0,0.0,,10,10,24,OPQ+PQ,0.01849365234375,5.00629742940267
w6_N10_M24_opq_pq,q010,0.0,0.0,0.0,,10,10,24,OPQ+PQ,0.01849365234375,5.00629742940267
w6_N10_M24_opq_pq,q011,0.0,0.0,0.0,,10,10,24,OPQ+PQ,0.01849365234375,5.00629742940267
w6_N10_M24_opq_pq,q012,0.0,0.0,0.0,,10,10,24,OPQ+PQ,0.01849365234375,5.00629742940267
w6_N10_M24_opq_pq,q013,0.0,0.0,0.0,,10,10,24,OPQ+PQ,0.01849365234375,5.00629742940267
w6_N10_M24_opq_pq,q014,0.0,0.0,0.0,,10,10,24,OPQ+PQ,0.01849365234375,5.00629742940267
w6_N10_M24_opq_pq,q015,0.0,0.0,0.0,,10,10,24,OPQ+PQ,0.01849365234375,5.00629742940267
w6_N10_M24_opq_pq,q016,0.0,0.0,0.0,,10,10,24,OPQ+PQ,0.01849365234375,5.00629742940267
w6_N10_M24_opq_pq,q017,0.0,0.0,0.0,,10,10,24,OPQ+PQ,0.01849365234375,5.00629742940267
w6_N10_M24_opq_pq,q018,0.0,0.0,0.0,,10,10,24,OPQ+PQ,0.01849365234375,5.00629742940267
w6_N10_M24_opq_pq,q019,0.0,0.0,0.0,,10,10,24,OPQ+PQ,0.01849365234375,5.00629742940267
w6_N10_M24_opq_pq,q020,0.0,0.0,0.0,,10,10,24,OPQ+PQ,0.01849365234375,5.00629742940267
w6_N10_M24_opq_pq,q021,0.0,0.0,0.0,,10,10,24,OPQ+PQ,0.01849365234375,5.00629742940267
w6_N10_M24_opq_pq,q022,1.0,0.125,0.31546487678572877,8.0,10,10,24,OPQ+PQ,0.01849365234375,5.00629742940267
w6_N10_M24_opq_pq,q023,0.0,0.0,0.0,,10,10,24,OPQ+PQ,0.01849365234375,5.00629742940267
w6_N10_M24_opq_pq,q024,1.0,0.5,0.6309297535714575,2.0,10,10,24,OPQ+PQ,0.01849365234375,5.00629742940267
w6_N10_M24_opq_pq,q025,1.0,1.0,1.0,1.0,10,10,24,OPQ+PQ,0.01849365234375,5.00629742940267
w6_N10_M24_opq_pq,q026,0.0,0.0,0.0,,10,10,24,OPQ+PQ,0.01849365234375,5.00629742940267
w6_N10_M24_opq_pq,q027,0.0,0.0,0.0,,10,10,24,OPQ+PQ,0.01849365234375,5.00629742940267
w6_N10_M24_opq_pq,q028,1.0,0.1,0.17723928678404774,10.0,10,10,24,OPQ+PQ,0.01849365234375,5.00629742940267
w6_N10_M24_opq_pq,q029,0.0,0.0,0.0,,10,10,24,OPQ+PQ,0.01849365234375,5.00629742940267
w6_N10_M24_opq_pq,q030,0.0,0.0,0.0,,10,10,24,OPQ+PQ,0.01849365234375,5.00629742940267
w6_N10_M24_ivf_pq,q001,1.0,0.14285714285714285,0.3333333333333333,7.0,10,10,24,IVF+PQ,0.01849365234375,5.099844932556152
w6_N10_M24_ivf_pq,q002,1.0,0.125,0.31546487678572877,8.0,10,10,24,IVF+PQ,0.01849365234375,5.099844932556152
w6_N10_M24_ivf_pq,q003,1.0,0.1,0.2890648263178879,10.0,10,10,24,IVF+PQ,0.01849365234375,5.099844932556152
w6_N10_M24_ivf_pq,q004,1.0,0.25,0.43067655807339306,4.0,10,10,24,IVF+PQ,0.01849365234375,5.099844932556152
w6_N10_M24_ivf_pq,q005,0.0,0.0,0.0,,10,10,24,IVF+PQ,0.01849365234375,5.099844932556152
w6_N10_M24_ivf_pq,q006,0.0,0.0,0.0,,10,10,24,IVF+PQ,0.01849365234375,5.099844932556152
w6_N10_M24_ivf_pq,q007,0.0,0.0,0.0,,10,10,24,IVF+PQ,0.01849365234375,5.099844932556152
w6_N10_M24_ivf_pq,q008,0.0,0.0,0.0,,10,10,24,IVF+PQ,0.01849365234375,5.099844932556152
w6_N10_M24_ivf_pq,q009,0.0,0.0,0.0,,10,10,24,IVF+PQ,0.01849365234375,5.099844932556152
w6_N10_M24_ivf_pq,q010,0.0,0.0,0.0,,10,10,24,IVF+PQ,0.01849365234375,5.099844932556152
w6_N10_M24_ivf_pq,q011,0.0,0.0,0.0,,10,10,24,IVF+PQ,0.01849365234375,5.099844932556152
w6_N10_M24_ivf_pq,q012,0.0,0.0,0.0,,10,10,24,IVF+PQ,0.01849365234375,5.099844932556152
w6_N10_M24_ivf_pq,q013,0.0,0.0,0.0,,10,10,24,IVF+PQ,0.01849365234375,5.099844932556152
w6_N10_M24_ivf_pq,q014,0.0,0.0,0.0,,10,10,24,IVF+PQ,0.01849365234375,5.099844932556152
w6_N10_M24_ivf_pq,q015,0.0,0.0,0.0,,10,10,24,IVF+PQ,0.01849365234375,5.099844932556152
w6_N10_M24_ivf_pq,q016,0.0,0.0,0.0,,10,10,24,IVF+PQ,0.01849365234375,5.099844932556152
w6_N10_M24_ivf_pq,q017,0.0,0.0,0.0,,10,10,24,IVF+PQ,0.01849365234375,5.099844932556152
w6_N10_M24_ivf_pq,q018,0.0,0.0,0.0,,10,10,24,IVF+PQ,0.01849365234375,5.099844932556152
w6_N10_M24_ivf_pq,q019,0.0,0.0,0.0,,10,10,24,IVF+PQ,0.01849365234375,5.099844932556152
w6_N10_M24_ivf_pq,q020,0.0,0.0,0.0,,10,10,24,IVF+PQ,0.01849365234375,5.099844932556152
w6_N10_M24_ivf_pq,q021,0.0,0.0,0.0,,10,10,24,IVF+PQ,0.01849365234375,5.099844932556152
w6_N10_M24_ivf_pq,q022,1.0,0.125,0.31546487678572877,8.0,10,10,24,IVF+PQ,0.01849365234375,5.099844932556152
w6_N10_M24_ivf_pq,q023,0.0,0.0,0.0,,10,10,24,IVF+PQ,0.01849365234375,5.099844932556152
w6_N10_M24_ivf_pq,q024,1.0,0.3333333333333333,0.5,3.0,10,10,24,IVF+PQ,0.01849365234375,5.099844932556152
w6_N10_M24_ivf_pq,q025,1.0,1.0,1.0,1.0,10,10,24,IVF+PQ,0.01849365234375,5.099844932556152
w6_N10_M24_ivf_pq,q026,0.0,0.0,0.0,,10,10,24,IVF+PQ,0.01849365234375,5.099844932556152
w6_N10_M24_ivf_pq,q027,0.0,0.0,0.0,,10,10,24,IVF+PQ,0.01849365234375,5.099844932556152
w6_N10_M24_ivf_pq,q028,1.0,0.1,0.17723928678404774,10.0,10,10,24,IVF+PQ,0.01849365234375,5.099844932556152
w6_N10_M24_ivf_pq,q029,0.0,0.0,0.0,,10,10,24,IVF+PQ,0.01849365234375,5.099844932556152
w6_N10_M24_ivf_pq,q030,0.0,0.0,0.0,,10,10,24,IVF+PQ,0.01849365234375,5.099844932556152
w6_N10_M24_ivf_opq_pq,q001,1.0,0.14285714285714285,0.3333333333333333,7.0,10,10,24,IVF+OPQ+PQ,0.01849365234375,5.406618118286133
w6_N10_M24_ivf_opq_pq,q002,1.0,0.16666666666666666,0.3562071871080222,6.0,10,10,24,IVF+OPQ+PQ,0.01849365234375,5.406618118286133
w6_N10_M24_ivf_opq_pq,q003,1.0,0.1,0.2890648263178879,10.0,10,10,24,IVF+OPQ+PQ,0.01849365234375,5.406618118286133
w6_N10_M24_ivf_opq_pq,q004,1.0,1.0,1.0,1.0,10,10,24,IVF+OPQ+PQ,0.01849365234375,5.406618118286133
w6_N10_M24_ivf_opq_pq,q005,0.0,0.0,0.0,,10,10,24,IVF+OPQ+PQ,0.01849365234375,5.406618118286133
w6_N10_M24_ivf_opq_pq,q006,0.0,0.0,0.0,,10,10,24,IVF+OPQ+PQ,0.01849365234375,5.406618118286133
w6_N10_M24_ivf_opq_pq,q007,0.0,0.0,0.0,,10,10,24,IVF+OPQ+PQ,0.01849365234375,5.406618118286133
w6_N10_M24_ivf_opq_pq,q008,0.0,0.0,0.0,,10,10,24,IVF+OPQ+PQ,0.01849365234375,5.406618118286133
w6_N10_M24_ivf_opq_pq,q009,0.0,0.0,0.0,,10,10,24,IVF+OPQ+PQ,0.01849365234375,5.406618118286133
w6_N10_M24_ivf_opq_pq,q010,0.0,0.0,0.0,,10,10,24,IVF+OPQ+PQ,0.01849365234375,5.406618118286133
w6_N10_M24_ivf_opq_pq,q011,0.0,0.0,0.0,,10,10,24,IVF+OPQ+PQ,0.01849365234375,5.406618118286133
w6_N10_M24_ivf_opq_pq,q012,0.0,0.0,0.0,,10,10,24,IVF+OPQ+PQ,0.01849365234375,5.406618118286133
w6_N10_M24_ivf_opq_pq,q013,0.0,0.0,0.0,,10,10,24,IVF+OPQ+PQ,0.01849365234375,5.406618118286133
w6_N10_M24_ivf_opq_pq,q014,0.0,0.0,0.0,,10,10,24,IVF+OPQ+PQ,0.01849365234375,5.406618118286133
w6_N10_M24_ivf_opq_pq,q015,0.0,0.0,0.0,,10,10,24,IVF+OPQ+PQ,0.01849365234375,5.406618118286133
w6_N10_M24_ivf_opq_pq,q016,0.0,0.0,0.0,,10,10,24,IVF+OPQ+PQ,0.01849365234375,5.406618118286133
w6_N10_M24_ivf_opq_pq,q017,0.0,0.0,0.0,,10,10,24,IVF+OPQ+PQ,0.01849365234375,5.406618118286133
w6_N10_M24_ivf_opq_pq,q018,0.0,0.0,0.0,,10,10,24,IVF+OPQ+PQ,0.01849365234375,5.406618118286133
w6_N10_M24_ivf_opq_pq,q019,0.0,0.0,0.0,,10,10,24,IVF+OPQ+PQ,0.01849365234375,5.406618118286133
w6_N10_M24_ivf_opq_pq,q020,0.0,0.0,0.0,,10,10,24,IVF+OPQ+PQ,0.01849365234375,5.406618118286133
w6_N10_M24_ivf_opq_pq,q021,0.0,0.0,0.0,,10,10,24,IVF+OPQ+PQ,0.01849365234375,5.406618118286133
w6_N10_M24_ivf_opq_pq,q022,1.0,0.1111111111111111,0.3010299956639812,9.0,10,10,24,IVF+OPQ+PQ,0.01849365234375,5.406618118286133
w6_N10_M24_ivf_opq_pq,q023,0.0,0.0,0.0,,10,10,24,IVF+OPQ+PQ,0.01849365234375,5.406618118286133
w6_N10_M24_ivf_opq_pq,q024,1.0,0.25,0.43067655807339306,4.0,10,10,24,IVF+OPQ+PQ,0.01849365234375,5.406618118286133
w6_N10_M24_ivf_opq_pq,q025,1.0,1.0,1.0,1.0,10,10,24,IVF+OPQ+PQ,0.01849365234375,5.406618118286133
w6_N10_M24_ivf_opq_pq,q026,0.0,0.0,0.0,,10,10,24,IVF+OPQ+PQ,0.01849365234375,5.406618118286133
w6_N10_M24_ivf_opq_pq,q027,0.0,0.0,0.0,,10,10,24,IVF+OPQ+PQ,0.01849365234375,5.406618118286133
w6_N10_M24_ivf_opq_pq,q028,1.0,0.1,0.17723928678404774,10.0,10,10,24,IVF+OPQ+PQ,0.01849365234375,5.406618118286133
w6_N10_M24_ivf_opq_pq,q029,0.0,0.0,0.0,,10,10,24,IVF+OPQ+PQ,0.01849365234375,5.406618118286133
w6_N10_M24_ivf_opq_pq,q030,0.0,0.0,0.0,,10,10,24,IVF+OPQ+PQ,0.01849365234375,5.406618118286133
